a,b,min_months,max_months,discard_gaps,lateral_length_ft,has_produced,sufficient_data,actual_months,API_Label,formations
-3.909982442884664,-0.0016265536436557266,36,48,True,5342.0,True,True,48,05-123-31642,NIOBRARA
-3.1395159893308624,-0.0021101840057508605,36,48,True,3745.0,True,True,48,05-123-32812,NIOBRARA
-2.7575914341539542,-0.0018176104420215132,36,48,True,4381.0,True,True,48,05-123-33023,NIOBRARA
-3.9313446092721924,-0.0012496921165899724,36,48,True,4409.0,True,True,36,05-123-33065,NIOBRARA
-2.4391965915249285,-0.0013295208492409582,36,48,True,3430.0,True,True,48,05-123-33067,NIOBRARA
-3.058222963740904,-0.0016950422510408562,36,48,True,4301.0,True,True,48,05-123-33080,NIOBRARA
-3.5159831483309922,-0.00182413112001821,36,48,True,4228.0,True,True,46,05-123-33082,NIOBRARA
-3.4505022036809945,-0.0013244169339773943,36,48,True,4396.0,True,True,48,05-123-33086,NIOBRARA
-2.5862454623993365,-0.0017446723250906938,36,48,True,4342.0,True,True,48,05-123-33087,NIOBRARA
-3.0930670387335044,-0.0016701815422039087,36,48,True,4420.0,True,True,48,05-123-33097,NIOBRARA
-2.7000049133248,-0.0016335696145584877,36,48,True,4321.0,True,True,48,05-123-33166,NIOBRARA
-2.7098963426953895,-0.0028464961113861672,36,48,True,4348.0,True,True,48,05-123-33231,NIOBRARA
-2.58435757341251,-0.001825548598778549,36,48,True,4314.0,True,True,48,05-123-33238,NIOBRARA
-2.783159503929306,-0.0026734099461371537,36,48,True,4345.0,True,True,48,05-123-33267,NIOBRARA
-2.8953424408925956,-0.0025216366983493127,36,48,True,4412.0,True,True,48,05-123-33311,NIOBRARA
-2.5947119418156,-0.0024240382769200692,36,48,True,4380.0,True,True,48,05-123-33330,NIOBRARA
-3.2977955793587945,-0.0019517991082514717,36,48,True,4442.0,True,True,48,05-123-33368,NIOBRARA
-2.802730619887844,-0.0016688307335581264,36,48,True,4327.0,True,True,48,05-123-33413,NIOBRARA
-3.9196136968014867,-0.001311248628143087,36,48,True,4282.0,True,True,48,05-123-33436,NIOBRARA
-2.875434683519642,-0.002099218512449692,36,48,True,4288.0,True,True,48,05-123-33451,NIOBRARA
-3.614610897227559,-0.0015390493373127496,36,48,True,4314.0,True,True,48,05-123-33475,NIOBRARA
-3.4011502637073487,-0.0014734667606548435,36,48,True,4328.0,True,True,48,05-123-33493,NIOBRARA
-2.543626341506765,-0.002515604961421653,36,48,True,4262.0,True,True,48,05-123-33563,NIOBRARA
-4.345433320738813,-0.002016780120726969,36,48,True,4281.0,True,True,48,05-123-33681,NIOBRARA
-2.6781143839373946,-0.0020655109833086546,36,48,True,3533.0,True,True,48,05-123-33688,NIOBRARA
-3.0888954529205637,-0.0017471831905843727,36,48,True,4344.0,True,True,48,05-123-33689,NIOBRARA
-3.456745355073316,-0.0013095658786509447,36,48,True,4028.0,True,True,48,05-123-33800,NIOBRARA
-4.148199114141796,-0.00181484625593768,36,48,True,4364.0,True,True,48,05-123-33801,NIOBRARA
-4.102772061577182,-0.0020563110922822976,36,48,True,4288.0,True,True,48,05-123-33822,NIOBRARA
-2.8665962423980824,-0.0017871085617749414,36,48,True,4368.0,True,True,48,05-123-33945,NIOBRARA
-3.107958643524335,-0.0021691936291203,36,48,True,4180.0,True,True,48,05-123-33955,NIOBRARA
-4.036749498836886,-0.0020305235190820987,36,48,True,4476.0,True,True,48,05-123-33956,NIOBRARA
-3.1849243917134036,-0.001996007509911533,36,48,True,4283.0,True,True,48,05-123-33959,NIOBRARA
-3.540160875063431,-0.001883855068077653,36,48,True,5784.0,True,True,48,05-123-33960,NIOBRARA
-4.041283427762515,-0.0020968470295620076,36,48,True,4329.0,True,True,48,05-123-34100,NIOBRARA
-2.5351875128018597,-0.0015836231492815332,36,48,True,4313.0,True,True,48,05-123-34152,NIOBRARA
-3.3857750032345417,-0.001400105993816682,36,48,True,4393.0,True,True,48,05-123-34351,NIOBRARA
-3.3234938395322926,-0.0015225636590939751,36,48,True,4313.0,True,True,48,05-123-34384,NIOBRARA
-4.132374056655884,-0.0022428263616000115,36,48,True,3779.0,True,True,48,05-123-34387,NIOBRARA
-3.958343005825722,-0.0017964858274304154,36,48,True,4397.0,True,True,48,05-123-34404,NIOBRARA
-3.2901775645887126,-0.0016961097496616582,36,48,True,4260.0,True,True,48,05-123-34418,NIOBRARA
-3.2499182416696124,-0.0014992709500715328,36,48,True,6691.0,True,True,48,05-123-34420,NIOBRARA
-3.008517930791418,-0.0023237705021819394,36,48,True,4007.0,True,True,48,05-123-34430,NIOBRARA
-4.074348191910966,-0.001756003679415803,36,48,True,3801.0,True,True,48,05-123-34438,NIOBRARA
-3.4537188825679674,-0.0016893004953626401,36,48,True,4013.0,True,True,48,05-123-34685,NIOBRARA
-3.463032366685055,-0.0016713288733810037,36,48,True,4649.0,True,True,48,05-123-34749,NIOBRARA
-3.6505218356295246,-0.0018530740670699764,36,48,True,3948.0,True,True,48,05-123-34824,NIOBRARA
-3.9743968635387557,-0.0019283167170026543,36,48,True,9488.0,True,True,48,05-123-34825,NIOBRARA
-3.6885543319009826,-0.001690582678391057,36,48,True,3960.0,True,True,48,05-123-34880,NIOBRARA
-3.970220709538385,-0.0015543827062653648,36,48,True,4077.0,True,True,48,05-123-34888,NIOBRARA
-2.8845971933351455,-0.0015276066582782446,36,48,True,4020.0,True,True,48,05-123-34896,NIOBRARA
-3.7158182550782897,-0.001547908299618633,36,48,True,3919.0,True,True,48,05-123-34978,NIOBRARA
-4.135809282800584,-0.0015108874787414855,36,48,True,3907.0,True,True,48,05-123-34980,NIOBRARA
-3.2076268785655544,-0.0018332871335914702,36,48,True,3690.0,True,True,48,05-123-35005,NIOBRARA
-3.8258268175532266,-0.0015759429017698585,36,48,True,3991.0,True,True,48,05-123-35011,NIOBRARA
-3.0115247514775905,-0.0017330178498765562,36,48,True,4231.0,True,True,48,05-123-35102,NIOBRARA
-4.358545546420948,-0.0017678586180561342,36,48,True,4172.0,True,True,48,05-123-35277,NIOBRARA
-2.534858880115941,-0.0018203715281098086,36,48,True,4306.0,True,True,48,05-123-35286,NIOBRARA
-2.4285454124881234,-0.00178166808430603,36,48,True,4260.0,True,True,48,05-123-35287,NIOBRARA
-2.546167523669765,-0.0015762294389286774,36,48,True,4383.0,True,True,48,05-123-35288,NIOBRARA
-4.408809692875488,-0.0015270265655092455,36,48,True,5133.0,True,True,48,05-123-35357,NIOBRARA
-3.939503803573849,-0.0020742356258167194,36,48,True,5512.0,True,True,48,05-123-35424,NIOBRARA
-4.126845218620682,-0.0016395149365500132,36,48,True,4039.0,True,True,48,05-123-35500,NIOBRARA
-3.84521843314171,-0.002259981757549586,36,48,True,4365.0,True,True,48,05-123-35685,NIOBRARA
-4.014626139194811,-0.0018634798267768145,36,48,True,4400.0,True,True,48,05-123-35804,NIOBRARA
-2.8156529330824864,-0.0024216842093379184,36,48,True,4340.0,True,True,48,05-123-35812,NIOBRARA
-3.7878800990275097,-0.0021783629772562253,36,48,True,4396.0,True,True,48,05-123-35814,NIOBRARA
-4.174444169733269,-0.0017007081240547393,36,48,True,4134.0,True,True,48,05-123-35958,NIOBRARA
-4.247419457904857,-0.0014286103750178359,36,48,True,6724.0,True,True,48,05-123-36029,NIOBRARA
-4.398387544806579,-0.0018451045008342315,36,48,True,4347.0,True,True,48,05-123-36034,NIOBRARA
-4.049343786974602,-0.0011228998706549202,36,48,True,6865.0,True,True,48,05-123-36052,NIOBRARA
-3.2253096707649402,-0.0019699246196518715,36,48,True,6716.0,True,True,48,05-123-36057,NIOBRARA
-2.8840651245439743,-0.002140465802347136,36,48,True,4411.0,True,True,48,05-123-36068,NIOBRARA
-3.671678304488973,-0.0013215676752246185,36,48,True,7547.0,True,True,48,05-123-36121,NIOBRARA
-3.448809909330545,-0.001903593933037028,36,48,True,4075.0,True,True,48,05-123-36123,NIOBRARA
-2.7375806529855056,-0.0015555662150636815,36,48,True,6659.0,True,True,48,05-123-36124,NIOBRARA
-3.718951980802102,-0.0016576323518825477,36,48,True,4059.0,True,True,48,05-123-36127,NIOBRARA
-3.7072487273564927,-0.00181170409340959,36,48,True,6677.0,True,True,48,05-123-36130,NIOBRARA
-3.418238154855058,-0.0021058526956216307,36,48,True,5084.0,True,True,48,05-123-36168,NIOBRARA
-4.232595975854141,-0.0018207009657741874,36,48,True,4914.0,True,True,48,05-123-36243,NIOBRARA
-3.684770302142941,-0.0021002036434163867,36,48,True,4334.0,True,True,48,05-123-36256,NIOBRARA
-3.5044144073342935,-0.0016022412538148304,36,48,True,6765.0,True,True,48,05-123-36257,NIOBRARA
-2.849171815927603,-0.0017823937598430168,36,48,True,4304.0,True,True,48,05-123-36263,NIOBRARA
-2.705199858729578,-0.0012320509284056696,36,48,True,4382.0,True,True,48,05-123-36267,NIOBRARA
-2.8835123062639965,-0.0018962860988831832,36,48,True,4382.0,True,True,48,05-123-36268,NIOBRARA
-2.909972798362713,-0.0017201154942466485,36,48,True,4271.0,True,True,48,05-123-36270,NIOBRARA
-3.9025493184990188,-0.0015215104224946977,36,48,True,4444.0,True,True,48,05-123-36272,NIOBRARA
-4.69737344683807,-0.0012132944866191685,36,48,True,4350.0,True,True,48,05-123-36293,NIOBRARA
-4.4716003078068045,-0.0016091547025405527,36,48,True,6800.0,True,True,48,05-123-36316,NIOBRARA
-3.1254571079808438,-0.0019055721544387432,36,48,True,4409.0,True,True,48,05-123-36331,NIOBRARA
-2.908655857047301,-0.002340296294354103,36,48,True,4340.0,True,True,48,05-123-36332,NIOBRARA
-3.911742048286024,-0.002694629466546769,36,48,True,4326.0,True,True,48,05-123-36336,NIOBRARA
-3.341524355910461,-0.002281469747675692,36,48,True,4388.0,True,True,48,05-123-36337,NIOBRARA
-3.900482580551168,-0.0017474810295102765,36,48,True,4486.0,True,True,48,05-123-36338,NIOBRARA
-3.440408494160827,-0.001990745723632609,36,48,True,4104.0,True,True,48,05-123-36389,NIOBRARA
-3.661004787076314,-0.001984318662080349,36,48,True,4140.0,True,True,48,05-123-36390,NIOBRARA
-2.6409810739477586,-0.0020521832931347057,36,48,True,4289.0,True,True,46,05-123-36392,NIOBRARA
-2.397071678308837,-0.0018877898484201583,36,48,True,4010.0,True,True,48,05-123-36418,NIOBRARA
-4.3904788774729,-0.001212668342088579,36,48,True,4435.0,True,True,48,05-123-36549,NIOBRARA
-3.389335869557718,-0.0025305809795213214,36,48,True,4409.0,True,True,48,05-123-36578,NIOBRARA
-2.8482161255019114,-0.0019837599431997612,36,48,True,6482.0,True,True,48,05-123-36579,NIOBRARA
-3.3861183454399875,-0.0016715614500440975,36,48,True,4414.0,True,True,48,05-123-36581,NIOBRARA
-2.855429853132881,-0.0017870655734398078,36,48,True,4349.0,True,True,48,05-123-36625,NIOBRARA
-3.1252681582400466,-0.0016318352376926682,36,48,True,6888.0,True,True,48,05-123-36647,NIOBRARA
-2.320968647071229,-0.0049246150968285125,36,48,True,4380.0,True,True,48,05-123-36657,NIOBRARA
-2.972809631356446,-0.003335391533902951,36,48,True,4516.0,True,True,41,05-123-36658,NIOBRARA
-3.08713410364114,-0.0014387913770506635,36,48,True,4368.0,True,True,48,05-123-36659,NIOBRARA
-2.801161742921652,-0.0018827648999180122,36,48,True,4329.0,True,True,48,05-123-36660,NIOBRARA
-4.066780349194801,-0.0014403586529614743,36,48,True,4273.0,True,True,48,05-123-36663,NIOBRARA
-3.403853933275377,-0.0016221100115606619,36,48,True,4403.0,True,True,48,05-123-36678,NIOBRARA
-3.270798392422235,-0.0018550212723333261,36,48,True,4402.0,True,True,48,05-123-36680,NIOBRARA
-3.39924264293068,-0.0018744870463708097,36,48,True,4421.0,True,True,48,05-123-36681,NIOBRARA
-3.17578905196449,-0.002201287433067871,36,48,True,4424.0,True,True,48,05-123-36683,NIOBRARA
-3.091557051463728,-0.0013958456467854463,36,48,True,6745.0,True,True,48,05-123-36702,NIOBRARA
-3.9576582740299484,-0.0017385673301766888,36,48,True,4902.0,True,True,48,05-123-36703,NIOBRARA
-3.8382342220750956,-0.002011467989021205,36,48,True,6761.0,True,True,48,05-123-36773,NIOBRARA
-4.015569092601698,-0.0012975057779333206,36,48,True,4277.0,True,True,48,05-123-36799,NIOBRARA
-3.9888645031757455,-0.0016602923783949686,36,48,True,4331.0,True,True,48,05-123-36800,NIOBRARA
-3.6889093549255305,-0.0019175731599908991,36,48,True,4411.0,True,True,48,05-123-36864,NIOBRARA
-3.899129732015679,-0.0014583856220152299,36,48,True,4263.0,True,True,48,05-123-36865,NIOBRARA
-3.8041207024805224,-0.002209877224013808,36,48,True,4464.0,True,True,48,05-123-36868,NIOBRARA
-3.6126828145501153,-0.0020102513842252838,36,48,True,4302.0,True,True,48,05-123-36869,NIOBRARA
-4.009887601901367,-0.002156948486309081,36,48,True,7645.0,True,True,48,05-123-36949,NIOBRARA
-2.521365650735883,-0.0020705984092662063,36,48,True,4181.0,True,True,48,05-123-36951,NIOBRARA
-3.870718333767355,-0.001487407525502055,36,48,True,4216.0,True,True,48,05-123-36952,NIOBRARA
-3.1601316734806524,-0.0015675010269378025,36,48,True,4225.0,True,True,48,05-123-36972,NIOBRARA
-3.5528862698902186,-0.0021347648029978747,36,48,True,4377.0,True,True,48,05-123-36995,NIOBRARA
-3.9277437052995547,-0.001146760017800211,36,48,True,4420.0,True,True,48,05-123-36996,NIOBRARA
-3.7366079642994694,-0.0014033882806178857,36,48,True,4337.0,True,True,48,05-123-37002,NIOBRARA
-4.50148615223109,-0.0017300468986007527,36,48,True,4342.0,True,True,48,05-123-37069,NIOBRARA
-3.169781314459484,-0.0017509592734540017,36,48,True,4349.0,True,True,48,05-123-37070,NIOBRARA
-3.3911924276928263,-0.0019132718744041541,36,48,True,3795.0,True,True,48,05-123-37073,NIOBRARA
-2.569154498771592,-0.0012931799666861905,36,48,True,3984.0,True,True,48,05-123-37096,NIOBRARA
-2.4043373981622946,-0.0015908888579202723,36,48,True,4368.0,True,True,48,05-123-37097,NIOBRARA
-3.8452099972783986,-0.001978805568694562,36,48,True,4561.0,True,True,48,05-123-37237,NIOBRARA
-3.610223929307588,-0.0018674805748936016,36,48,True,4504.0,True,True,48,05-123-37239,NIOBRARA
-3.401275843901935,-0.002138770778987043,36,48,True,4371.0,True,True,48,05-123-37240,NIOBRARA
-3.9239590691523367,-0.001848740820340968,36,48,True,4703.0,True,True,48,05-123-37243,NIOBRARA
-3.6046249075594075,-0.0019676716038390064,36,48,True,4333.0,True,True,48,05-123-37244,NIOBRARA
-3.385327299023152,-0.0017000074251506457,36,48,True,4378.0,True,True,48,05-123-37245,NIOBRARA
-3.0102084883055595,-0.001795724668068467,36,48,True,4315.0,True,True,48,05-123-37283,NIOBRARA
-2.6616541961051294,-0.0018982423986214165,36,48,True,4237.0,True,True,48,05-123-37367,NIOBRARA
-3.177781257135422,-0.0013174717968732878,36,48,True,4248.0,True,True,48,05-123-37368,NIOBRARA
-2.7102480440717827,-0.0018506419350334303,36,48,True,4283.0,True,True,48,05-123-37369,NIOBRARA
-3.300751044358927,-0.00209189607122647,36,48,True,4459.0,True,True,48,05-123-37372,NIOBRARA
-3.6699385300569136,-0.0019975423064435916,36,48,True,4327.0,True,True,48,05-123-37373,NIOBRARA
-2.887080804456729,-0.0020679379465448925,36,48,True,4219.0,True,True,48,05-123-37432,NIOBRARA
-2.992871035135484,-0.001647401484834407,36,48,True,4232.0,True,True,48,05-123-37433,NIOBRARA
-3.0400086060071607,-0.001741337842554148,36,48,True,4241.0,True,True,48,05-123-37434,NIOBRARA
-3.6174271920553296,-0.0017428496543931752,36,48,True,3931.0,True,True,48,05-123-37445,NIOBRARA
-3.575045651161156,-0.0013453290677453865,36,48,True,4022.0,True,True,48,05-123-37448,NIOBRARA
-3.62848163708871,-0.0016745468658724836,36,48,True,3949.0,True,True,48,05-123-37451,NIOBRARA
-3.2427213490059557,-0.0012292912375233868,36,48,True,4485.0,True,True,48,05-123-37452,NIOBRARA
-2.672880666565928,-0.0022447775612277478,36,48,True,4479.0,True,True,48,05-123-37453,NIOBRARA
-3.0390345687031104,-0.0016661034589146354,36,48,True,4582.0,True,True,48,05-123-37455,NIOBRARA
-2.8181180961856707,-0.0017739664160757978,36,48,True,4545.0,True,True,48,05-123-37457,NIOBRARA
-3.303423914778105,-0.0018255571409489127,36,48,True,4544.0,True,True,48,05-123-37458,NIOBRARA
-3.383983180783556,-0.0019888152013781313,36,48,True,3985.0,True,True,48,05-123-37459,NIOBRARA
-3.0194842278922622,-0.001913065262359013,36,48,True,3908.0,True,True,48,05-123-37460,NIOBRARA
-3.348901515728571,-0.0017775228219677817,36,48,True,3835.0,True,True,48,05-123-37461,NIOBRARA
-2.9466083657833635,-0.001694007251561608,36,48,True,4400.0,True,True,48,05-123-37462,NIOBRARA
-3.5177071732960132,-0.0016749399246541478,36,48,True,3781.0,True,True,48,05-123-37463,NIOBRARA
-3.298438179666667,-0.0016302876639198837,36,48,True,8981.0,True,True,48,05-123-37465,NIOBRARA
-3.12925879116313,-0.0018526396798689572,36,48,True,4405.0,True,True,48,05-123-37466,NIOBRARA
-3.1339772411333953,-0.0018394529215667132,36,48,True,4515.0,True,True,48,05-123-37467,NIOBRARA
-3.552826485039846,-0.0017863779942347328,36,48,True,3948.0,True,True,48,05-123-37470,NIOBRARA
-3.0490317918070753,-0.0015434551071988195,36,48,True,4352.0,True,True,48,05-123-37471,NIOBRARA
-3.2336491708526953,-0.002422886227411892,36,48,True,3937.0,True,True,48,05-123-37472,NIOBRARA
-3.3526417922633778,-0.0018572175361707434,36,48,True,9054.0,True,True,48,05-123-37473,NIOBRARA
-2.7419332393298914,-0.0024587371322182154,36,48,True,4430.0,True,True,48,05-123-37475,NIOBRARA
-3.503639143381165,-0.0012302654911958142,36,48,True,4536.0,True,True,48,05-123-37476,NIOBRARA
-3.313284311260915,-0.0015121059912678273,36,48,True,9113.0,True,True,48,05-123-37479,NIOBRARA
-3.6070863921976515,-0.001837553889668388,36,48,True,3962.0,True,True,48,05-123-37480,NIOBRARA
-3.4971699293704783,-0.0017749597888363062,36,48,True,3928.0,True,True,48,05-123-37481,NIOBRARA
-3.4548812697618474,-0.0017137143227623588,36,48,True,3913.0,True,True,48,05-123-37482,NIOBRARA
-3.150740145422487,-0.0016820221962758264,36,48,True,4481.0,True,True,48,05-123-37483,NIOBRARA
-3.2488072422451335,-0.001509078662048086,36,48,True,4291.0,True,True,48,05-123-37484,NIOBRARA
-3.2513252492711735,-0.0019570277730038216,36,48,True,4286.0,True,True,48,05-123-37486,NIOBRARA
-2.7138912566440814,-0.00192056604209447,36,48,True,3934.0,True,True,48,05-123-37489,NIOBRARA
-2.9940231112441706,-0.002108270573746952,36,48,True,4169.0,True,True,48,05-123-37490,NIOBRARA
-2.960829328098384,-0.001941034944099239,36,48,True,4134.0,True,True,48,05-123-37493,NIOBRARA
-3.917389737964676,-0.0016601276523360035,36,48,True,3990.0,True,True,48,05-123-37506,NIOBRARA
-3.0599897419635442,-0.0020446862590885423,36,48,True,4203.0,True,True,48,05-123-37507,NIOBRARA
-3.1647480028601374,-0.002025370106624328,36,48,True,9428.0,True,True,48,05-123-37517,NIOBRARA
-3.3852289413152876,-0.0018601262346896392,36,48,True,3974.0,True,True,48,05-123-37527,NIOBRARA
-3.1793749950223207,-0.0020549066991868634,36,48,True,3939.0,True,True,48,05-123-37528,NIOBRARA
-3.6417741395877425,-0.0019111014356696934,36,48,True,4003.0,True,True,48,05-123-37530,NIOBRARA
-3.3510281779161586,-0.0020141876443499,36,48,True,3977.0,True,True,48,05-123-37533,NIOBRARA
-3.612620306546362,-0.0020444885031071936,36,48,True,3676.0,True,True,48,05-123-37537,NIOBRARA
-3.5902269096728894,-0.0018026142999470714,36,48,True,3896.0,True,True,48,05-123-37539,NIOBRARA
-3.447114970967447,-0.001809196917457566,36,48,True,4029.0,True,True,48,05-123-37540,NIOBRARA
-3.306374966211933,-0.0018911046788567087,36,48,True,3895.0,True,True,48,05-123-37542,NIOBRARA
-3.1543915652811068,-0.0018768898375221465,36,48,True,3950.0,True,True,48,05-123-37543,NIOBRARA
-3.3707991550728567,-0.0016191917061086371,36,48,True,3954.0,True,True,48,05-123-37545,NIOBRARA
-3.3603077814269406,-0.0017599369460591866,36,48,True,3983.0,True,True,48,05-123-37546,NIOBRARA
-3.1986570676425634,-0.001836481455083989,36,48,True,3775.0,True,True,48,05-123-37547,NIOBRARA
-2.873701895503212,-0.0023307158842795395,36,48,True,4077.0,True,True,48,05-123-37548,NIOBRARA
-3.017123241947115,-0.002199917603847704,36,48,True,4255.0,True,True,48,05-123-37549,NIOBRARA
-2.855137715106696,-0.0017827536716685938,36,48,True,4023.0,True,True,48,05-123-37550,NIOBRARA
-3.0013170472431394,-0.0020094895062340527,36,48,True,4312.0,True,True,48,05-123-37617,NIOBRARA
-3.126830180172534,-0.0017788232041396318,36,48,True,3960.0,True,True,48,05-123-37618,NIOBRARA
-3.001300002822605,-0.0021605751757372317,36,48,True,3893.0,True,True,48,05-123-37619,NIOBRARA
-2.75039132216687,-0.0020320453951783936,36,48,True,4523.0,True,True,48,05-123-37621,NIOBRARA
-2.83628662677909,-0.0021946193236464713,36,48,True,4553.0,True,True,48,05-123-37622,NIOBRARA
-3.645407106128919,-0.0015166463056845826,36,48,True,4470.0,True,True,48,05-123-37623,NIOBRARA
-3.2197288806650937,-0.0017357255122922865,36,48,True,4524.0,True,True,48,05-123-37624,NIOBRARA
-2.823245761577444,-0.0021150075740652614,36,48,True,4503.0,True,True,48,05-123-37625,NIOBRARA
-2.9239470871518667,-0.0021858360351645414,36,48,True,3894.0,True,True,48,05-123-37626,NIOBRARA
-3.297804652754795,-0.0014832802670119798,36,48,True,3884.0,True,True,48,05-123-37627,NIOBRARA
-3.108306869566455,-0.001880439723810502,36,48,True,4043.0,True,True,48,05-123-37628,NIOBRARA
-3.1568056909915234,-0.0018280027954902718,36,48,True,3907.0,True,True,48,05-123-37630,NIOBRARA
-2.8065097262370524,-0.0017448403369879305,36,48,True,3868.0,True,True,48,05-123-37631,NIOBRARA
-2.7122825919793585,-0.002089996877646087,36,48,True,4517.0,True,True,48,05-123-37637,NIOBRARA
-3.51193854802269,-0.0020990293886111473,36,48,True,6697.0,True,True,48,05-123-37697,NIOBRARA
-3.6932930185373025,-0.0020422796178450327,36,48,True,6677.0,True,True,48,05-123-37708,NIOBRARA
-3.4170830268965457,-0.001639049105884932,36,48,True,6737.0,True,True,48,05-123-37730,NIOBRARA
-3.891362407711962,-0.0021128951679743315,36,48,True,6801.0,True,True,48,05-123-37744,NIOBRARA
-3.906601117931915,-0.0017092290370716717,36,48,True,6776.0,True,True,48,05-123-37748,NIOBRARA
-4.016345842649304,-0.002017643478858541,36,48,True,6894.0,True,True,48,05-123-37765,NIOBRARA
-3.8252822929270494,-0.0022292352865796914,36,48,True,6950.0,True,True,48,05-123-37766,NIOBRARA
-4.495464420708244,-0.001607444146920043,36,48,True,6986.0,True,True,48,05-123-37767,NIOBRARA
-3.430174231029413,-0.00211546273499428,36,48,True,4307.0,True,True,48,05-123-37812,NIOBRARA
-3.6319891002009235,-0.002177756209752179,36,48,True,4321.0,True,True,48,05-123-37813,NIOBRARA
-4.3749958146105286,-0.0019364843139785992,36,48,True,6975.0,True,True,48,05-123-37838,NIOBRARA
-4.323925391322041,-0.00177296693147624,36,48,True,7043.0,True,True,48,05-123-37839,NIOBRARA
-4.256250746803994,-0.0021738628636412136,36,48,True,6897.0,True,True,48,05-123-37840,NIOBRARA
-4.630123080481736,-0.001359641272041453,36,48,True,7030.0,True,True,48,05-123-37841,NIOBRARA
-3.5327864706414416,-0.0018414417373491048,36,48,True,6833.0,True,True,48,05-123-37844,NIOBRARA
-3.521479845913143,-0.0022950378598693565,36,48,True,6896.0,True,True,48,05-123-37845,NIOBRARA
-3.8030829634571623,-0.0018026682207032355,36,48,True,7079.0,True,True,48,05-123-37847,NIOBRARA
-4.088283493783311,-0.001525393602359227,36,48,True,7036.0,True,True,48,05-123-37848,NIOBRARA
-3.1014554376922066,-0.0017971420089850233,36,48,True,6455.0,True,True,48,05-123-37874,NIOBRARA
-4.215099204550227,-0.0016015860090864288,36,48,True,7699.0,True,True,48,05-123-37875,NIOBRARA
-3.35930275576267,-0.001833188655884235,36,48,True,6736.0,True,True,48,05-123-37876,NIOBRARA
-3.984623319783002,-0.0019999278965772455,36,48,True,7411.0,True,True,48,05-123-37877,NIOBRARA
-3.8312955919211378,-0.00189485364708999,36,48,True,7536.0,True,True,48,05-123-37878,NIOBRARA
-3.958031453612923,-0.001676605192228373,36,48,True,7725.0,True,True,48,05-123-37879,NIOBRARA
-3.2654986775530768,-0.0018356720991423488,36,48,True,6658.0,True,True,48,05-123-37880,NIOBRARA
-3.4116768787495824,-0.001732539488366295,36,48,True,6904.0,True,True,48,05-123-37898,NIOBRARA
-3.563077674483935,-0.001500837268034869,36,48,True,6874.0,True,True,48,05-123-37899,NIOBRARA
-3.291189742541303,-0.0018780405922921338,36,48,True,6655.0,True,True,48,05-123-37900,NIOBRARA
-3.3763632687954312,-0.00203128054287633,36,48,True,6747.0,True,True,48,05-123-37901,NIOBRARA
-3.4837037600721588,-0.0019768429076818333,36,48,True,7709.0,True,True,48,05-123-37949,NIOBRARA
-3.682240123785366,-0.0018672385793083441,36,48,True,7817.0,True,True,48,05-123-37953,NIOBRARA
-3.702751640677801,-0.001598071834324364,36,48,True,7596.0,True,True,48,05-123-37956,NIOBRARA
-3.648417685116797,-0.0017128286934906798,36,48,True,7680.0,True,True,48,05-123-37974,NIOBRARA
-3.787389561221635,-0.0021203176771948736,36,48,True,6847.0,True,True,48,05-123-37978,NIOBRARA
-3.871719967284967,-0.0018310493694396117,36,48,True,8356.0,True,True,48,05-123-37986,NIOBRARA
-3.572409904875617,-0.0024939534888028963,36,48,True,8329.0,True,True,48,05-123-37987,NIOBRARA
-3.125863916560896,-0.0025251366014113793,36,48,True,7296.0,True,True,48,05-123-37988,NIOBRARA
-3.8990773834188106,-0.0017108700034076825,36,48,True,8151.0,True,True,48,05-123-37989,NIOBRARA
-3.056468608277431,-0.0019309235555451058,36,48,True,6863.0,True,True,48,05-123-37990,NIOBRARA
-2.9176458693775547,-0.00200996620877346,36,48,True,6844.0,True,True,48,05-123-37991,NIOBRARA
-3.1472016780514744,-0.0020201962597516604,36,48,True,7086.0,True,True,48,05-123-37992,NIOBRARA
-3.706823564802929,-0.0018809741811064559,36,48,True,7738.0,True,True,48,05-123-38041,NIOBRARA
-3.5136922940317397,-0.0022660153348444704,36,48,True,7837.0,True,True,48,05-123-38042,NIOBRARA
-3.8401509161340757,-0.0018958442173883873,36,48,True,7778.0,True,True,48,05-123-38043,NIOBRARA
-3.7886517492975527,-0.0019737662604132388,36,48,True,7951.0,True,True,48,05-123-38044,NIOBRARA
-2.924514205937869,-0.0021234580968227702,36,48,True,6663.0,True,True,48,05-123-38045,NIOBRARA
-3.9403850442455095,-0.0016824716217444273,36,48,True,7919.0,True,True,48,05-123-38060,NIOBRARA
-3.755594361967804,-0.001684012892903151,36,48,True,7535.0,True,True,48,05-123-38061,NIOBRARA
-4.06372023353601,-0.0014358989638951995,36,48,True,7403.0,True,True,48,05-123-38062,NIOBRARA
-3.8861407686071403,-0.0013081677779813216,36,48,True,7772.0,True,True,48,05-123-38063,NIOBRARA
-4.078607451931845,-0.0015112974213343153,36,48,True,8155.0,True,True,48,05-123-38065,NIOBRARA
-3.8356505806015844,-0.0018817208232068017,36,48,True,7949.0,True,True,48,05-123-38066,NIOBRARA
-3.825676477442042,-0.0014986855743474316,36,48,True,7977.0,True,True,48,05-123-38067,NIOBRARA
-3.619216038269315,-0.002030222305109935,36,48,True,6868.0,True,True,48,05-123-38130,NIOBRARA
-3.6793034247925815,-0.0018551190023810993,36,48,True,8147.0,True,True,48,05-123-38339,NIOBRARA
-3.13781266540677,-0.0018476424924456264,36,48,True,6427.0,True,True,48,05-123-38344,NIOBRARA
-2.935919331612853,-0.002431037239848353,36,48,True,6717.0,True,True,48,05-123-38345,NIOBRARA
-2.7724014735334883,-0.002448436448884707,36,48,True,6602.0,True,True,48,05-123-38346,NIOBRARA
-3.6030146882855636,-0.0018363571460801014,36,48,True,4298.0,True,True,48,05-123-38368,NIOBRARA
-3.6569725435361846,-0.0014431911621265424,36,48,True,4397.0,True,True,48,05-123-38369,NIOBRARA
-3.337401352835913,-0.001976080998611665,36,48,True,4042.0,True,True,48,05-123-38370,NIOBRARA
-3.7373413055089197,-0.001965451717725704,36,48,True,4347.0,True,True,48,05-123-38452,NIOBRARA
-4.004828755703666,-0.0015475338819131814,36,48,True,4360.0,True,True,48,05-123-38453,NIOBRARA
-3.2111954495315103,-0.0015972569981318988,36,48,True,8061.0,True,True,48,05-123-38484,NIOBRARA
-3.6986643214740633,-0.002369843109725007,36,48,True,8244.0,True,True,48,05-123-38485,NIOBRARA
-2.9627960747151985,-0.002333684910199561,36,48,True,6979.0,True,True,48,05-123-38486,NIOBRARA
-2.574641688081812,-0.0026907707490692145,36,48,True,6800.0,True,True,48,05-123-38487,NIOBRARA
-3.366100015409564,-0.0018898811787483253,36,48,True,8078.0,True,True,48,05-123-38488,NIOBRARA
-3.3818632621972595,-0.0017667880030799133,36,48,True,8407.0,True,True,48,05-123-38489,NIOBRARA
-3.847473114649089,-0.0016189055702463336,36,48,True,5191.0,True,True,48,05-123-38507,CODELL
-3.4509280264100637,-0.0026104595326018154,36,48,True,7492.0,True,True,48,05-123-38508,NIOBRARA
-3.355901374949659,-0.0025269804536749217,36,48,True,5290.0,True,True,48,05-123-38510,NIOBRARA
-3.7901274016509667,-0.0019719249858950218,36,48,True,7554.0,True,True,48,05-123-38529,NIOBRARA
-4.282983731062847,-0.0017736262946371033,36,48,True,6458.0,True,True,48,05-123-38530,NIOBRARA
-4.422371865917355,-0.0020125670905329776,36,48,True,6992.0,True,True,48,05-123-38531,NIOBRARA
-3.607342503057222,-0.0019754337379840987,36,48,True,7524.0,True,True,48,05-123-38532,NIOBRARA
-3.73107012389519,-0.002167607501351513,36,48,True,7447.0,True,True,48,05-123-38534,NIOBRARA
-3.4756163557426842,-0.0024401574025324463,36,48,True,7453.0,True,True,48,05-123-38535,NIOBRARA
-3.879436050460284,-0.002012734002914103,36,48,True,6364.0,True,True,48,05-123-38536,NIOBRARA
-4.47089412842465,-0.001351202857397707,36,48,True,6533.0,True,True,48,05-123-38537,NIOBRARA
-4.22760465889443,-0.0017803959675011666,36,48,True,7494.0,True,True,48,05-123-38541,CODELL-FORT HAYS
-3.9879495436243597,-0.0020485127104850637,36,48,True,7981.0,True,True,48,05-123-38542,NIOBRARA-FT HAYS-CODELL
-4.099652861110128,-0.0020458718498617286,36,48,True,7504.0,True,True,48,05-123-38543,NIOBRARA
-3.9748762811676857,-0.0016154307828531186,36,48,True,8028.0,True,True,48,05-123-38544,NIOBRARA
-4.196529605901315,-0.0015761200534452563,36,48,True,7574.0,True,True,48,05-123-38545,NIOBRARA
-3.971103167459863,-0.002039269025469528,36,48,True,7945.0,True,True,48,05-123-38546,NIOBRARA
-3.594043462966903,-0.0018765240003756469,36,48,True,8011.0,True,True,48,05-123-38547,NIOBRARA
-3.522599879425512,-0.002650869661573978,36,48,True,4357.0,True,True,48,05-123-38577,NIOBRARA
-3.1932411578961393,-0.0017563070086789936,36,48,True,4304.0,True,True,48,05-123-38583,NIOBRARA
-3.03500850685814,-0.0021096527833185936,36,48,True,4268.0,True,True,48,05-123-38584,NIOBRARA
-3.8495749020789796,-0.0019315396509684058,36,48,True,4231.0,True,True,48,05-123-38591,NIOBRARA
-4.114685999618606,-0.002171193641264293,36,48,True,6827.0,True,True,48,05-123-38598,NIOBRARA
-4.276501919509072,-0.0019565032649824098,36,48,True,8002.0,True,True,48,05-123-38601,NIOBRARA
-2.8690905236734654,-0.0017438979908117286,36,48,True,4335.0,True,True,48,05-123-38603,NIOBRARA
-2.964932165105551,-0.002268966460517776,36,48,True,4405.0,True,True,48,05-123-38604,NIOBRARA
-3.1940246743348806,-0.0017242745416552554,36,48,True,4373.0,True,True,48,05-123-38611,NIOBRARA
-3.0855505816955113,-0.0018013385527210451,36,48,True,4349.0,True,True,48,05-123-38612,NIOBRARA
-3.0376020860616983,-0.0019984589695321705,36,48,True,4363.0,True,True,48,05-123-38613,NIOBRARA
-3.2821829498154953,-0.001909354990316933,36,48,True,4068.0,True,True,48,05-123-38614,NIOBRARA
-2.875283970277405,-0.002270538684784085,36,48,True,4342.0,True,True,48,05-123-38615,NIOBRARA
-3.2178816331139735,-0.0020030976555709588,36,48,True,9415.0,True,True,48,05-123-38618,NIOBRARA
-3.525514917938262,-0.0019815154464034915,36,48,True,4142.0,True,True,48,05-123-38619,NIOBRARA
-3.2788601572214637,-0.0017703225398118469,36,48,True,9507.0,True,True,48,05-123-38620,NIOBRARA
-3.6586714976900008,-0.0018213463904977994,36,48,True,9314.0,True,True,48,05-123-38621,NIOBRARA
-3.2641759974851388,-0.001968585405857002,36,48,True,9444.0,True,True,48,05-123-38622,NIOBRARA
-3.4180815048645408,-0.002151682458448337,36,48,True,9463.0,True,True,48,05-123-38623,NIOBRARA
-3.9194323257826422,-0.0018207379362089248,36,48,True,8102.0,True,True,48,05-123-38699,NIOBRARA
-4.294485646295547,-0.00175832851438952,36,48,True,7542.0,True,True,48,05-123-38701,NIOBRARA
-3.7206511515156895,-0.0021872398864450117,36,48,True,8113.0,True,True,48,05-123-38702,NIOBRARA
-4.048874747279904,-0.0016633596560606497,36,48,True,7486.0,True,True,48,05-123-38703,NIOBRARA
-4.1239279221103855,-0.0018463327450841673,36,48,True,8083.0,True,True,48,05-123-38709,NIOBRARA-FT HAYS-CODELL
-4.190116730834472,-0.001845389921736416,36,48,True,8223.0,True,True,48,05-123-38710,NIOBRARA
-3.950439214772501,-0.0020304337527178177,36,48,True,7576.0,True,True,48,05-123-38711,NIOBRARA
-3.837803508149043,-0.002053816877397871,36,48,True,7957.0,True,True,48,05-123-38712,NIOBRARA
-4.262352909404276,-0.0017923206815882292,36,48,True,7655.0,True,True,48,05-123-38713,NIOBRARA-FT HAYS-CODELL
-3.931773361504149,-0.002126018032230547,36,48,True,7517.0,True,True,48,05-123-38714,NIOBRARA
-4.143013991091277,-0.001973226441370253,36,48,True,8121.0,True,True,48,05-123-38716,NIOBRARA-FORT HAYS-CODELL-CARLILE
-3.9728586105203774,-0.002196610893421702,36,48,True,7612.0,True,True,48,05-123-38717,NIOBRARA
-4.185842017224151,-0.001972887921066762,36,48,True,8071.0,True,True,48,05-123-38718,NIOBRARA
-4.196737972053015,-0.0018345418639390335,36,48,True,8089.0,True,True,48,05-123-38719,NIOBRARA
-3.808538622418651,-0.0017995656570470604,36,48,True,7534.0,True,True,48,05-123-38720,NIOBRARA
-4.164229189024238,-0.0018396478875224703,36,48,True,8049.0,True,True,48,05-123-38721,NIOBRARA
-3.9890601538529804,-0.0017208716030096287,36,48,True,7688.0,True,True,48,05-123-38722,NIOBRARA
-3.7753390707311025,-0.0021650732121756464,36,48,True,7491.0,True,True,48,05-123-38723,NIOBRARA
-4.349955471820818,-0.0019634354246738563,36,48,True,8053.0,True,True,48,05-123-38724,NIOBRARA
-4.116573329717508,-0.001976769557525799,36,48,True,7957.0,True,True,48,05-123-38727,NIOBRARA
-3.8965090378965757,-0.0022089379627682417,36,48,True,7872.0,True,True,48,05-123-38728,NIOBRARA
-3.8693394108481494,-0.0018354544559936164,36,48,True,7509.0,True,True,48,05-123-38730,CODELL-FORT HAYS
-4.189400530384271,-0.0017544435559011663,36,48,True,7652.0,True,True,48,05-123-38731,NIOBRARA
-4.199581772932755,-0.0023623862547981498,36,48,True,8139.0,True,True,48,05-123-38738,NIOBRARA
-3.837678047292142,-0.001922296517411607,36,48,True,8140.0,True,True,48,05-123-38739,NIOBRARA
-3.1603784119104863,-0.0022169393875756376,36,48,True,8143.0,True,True,48,05-123-38740,NIOBRARA
-3.5913223205513907,-0.0028445183812312847,36,48,True,8057.0,True,True,48,05-123-38741,NIOBRARA
-3.9731913384545354,-0.001863687082043126,36,48,True,8172.0,True,True,48,05-123-38742,NIOBRARA
-3.118848054146582,-0.002475072608159529,36,48,True,7509.0,True,True,48,05-123-38743,NIOBRARA
-3.4271730687157507,-0.0029715963684430976,36,48,True,8095.0,True,True,48,05-123-38744,NIOBRARA
-3.293628638399946,-0.0032831235322712763,36,48,True,8075.0,True,True,48,05-123-38745,NIOBRARA
-2.99105008664422,-0.0015476463683198524,36,48,True,4255.0,True,True,48,05-123-38758,NIOBRARA
-2.768714110245226,-0.002365014072040568,36,48,True,3919.0,True,True,48,05-123-38763,NIOBRARA
-3.5306712063198296,-0.00194865738905946,36,48,True,9419.0,True,True,48,05-123-38776,NIOBRARA
-3.268471231815416,-0.0021782178253982767,36,48,True,9432.0,True,True,48,05-123-38777,NIOBRARA
-3.3476128076995972,-0.002031286312052974,36,48,True,9422.0,True,True,48,05-123-38778,NIOBRARA
-3.531563763999981,-0.0016438296561241458,36,48,True,9452.0,True,True,48,05-123-38779,NIOBRARA
-2.9245851138053642,-0.0018364076322886017,36,48,True,4131.0,True,True,48,05-123-38780,NIOBRARA
-3.4034173871940907,-0.0019719392899583484,36,48,True,9314.0,True,True,48,05-123-38781,NIOBRARA
-3.4013398299031974,-0.0023179319186044534,36,48,True,9425.0,True,True,48,05-123-38782,NIOBRARA
-4.952020256596203,-0.001307052902453161,36,48,True,8198.0,True,True,48,05-123-38804,NIOBRARA
-4.608449349076074,-0.0012335512084209797,36,48,True,8082.0,True,True,48,05-123-38807,CARLILE-CODELL-FORT HAYS
-3.2323979541906227,-0.002607346990799587,36,48,True,4354.0,True,True,48,05-123-38844,NIOBRARA
-3.493849958846883,-0.0024608170498003827,36,48,True,4299.0,True,True,48,05-123-38845,NIOBRARA
-3.1129405942841544,-0.0024878712618296287,36,48,True,4303.0,True,True,48,05-123-38846,NIOBRARA
-3.077897731522646,-0.0025389081430731686,36,48,True,4268.0,True,True,48,05-123-38847,NIOBRARA
-3.156786471530062,-0.0019825274707113674,36,48,True,4296.0,True,True,48,05-123-38848,NIOBRARA
-2.930480559403006,-0.0026854475180005393,36,48,True,4291.0,True,True,48,05-123-38849,NIOBRARA
-3.061118083365464,-0.0021962935765059565,36,48,True,4266.0,True,True,48,05-123-38851,NIOBRARA
-3.269854188459492,-0.002235720131680334,36,48,True,4340.0,True,True,48,05-123-38852,NIOBRARA
-3.020949944681105,-0.0025372453985022265,36,48,True,4058.0,True,True,48,05-123-38853,NIOBRARA
-3.136193689269029,-0.002181603526248843,36,48,True,4356.0,True,True,48,05-123-38854,NIOBRARA
-3.278055621087164,-0.0020025455886217075,36,48,True,4227.0,True,True,48,05-123-38855,NIOBRARA
-3.3697108085057157,-0.0018619074378327632,36,48,True,4377.0,True,True,48,05-123-38856,NIOBRARA
-3.180910718869196,-0.002041574491820256,36,48,True,4319.0,True,True,48,05-123-39062,NIOBRARA
-3.638918993794532,-0.001319148481906408,36,48,True,5047.0,True,True,48,05-123-39116,NIOBRARA
-2.67670115482918,-0.0024391963539787554,36,48,True,4411.0,True,True,48,05-123-39118,FORT HAYS
-2.7900999571268565,-0.0023876641138684753,36,48,True,4422.0,True,True,48,05-123-39119,NIOBRARA
-4.031755703887453,-0.001634931960010779,36,48,True,8149.0,True,True,48,05-123-39141,CARLILE-CODELL-FORT HAYS
-3.495970718338569,-0.0021498908417699504,36,48,True,8059.0,True,True,48,05-123-39142,NIOBRARA
-3.5015175080291483,-0.002602988037968891,36,48,True,7632.0,True,True,48,05-123-39146,NIOBRARA
-3.726129505001013,-0.0022154975521107363,36,48,True,8138.0,True,True,48,05-123-39147,NIOBRARA
-3.428002858345234,-0.0021345339512088396,36,48,True,8037.0,True,True,48,05-123-39149,NIOBRARA
-4.142608946600315,-0.0015668780806575966,36,48,True,7708.0,True,True,48,05-123-39152,NIOBRARA
-4.308527985024338,-0.0015826892369989107,36,48,True,7695.0,True,True,48,05-123-39154,CODELL-FORT HAYS
-3.399136536194183,-0.002118006959730308,36,48,True,7446.0,True,True,48,05-123-39199,NIOBRARA
-3.3064626520746345,-0.002500152014540819,36,48,True,7559.0,True,True,48,05-123-39200,NIOBRARA
-3.316506657778045,-0.0026908781521858224,36,48,True,7507.0,True,True,48,05-123-39201,NIOBRARA
-3.0968722426233803,-0.002099266614045061,36,48,True,7436.0,True,True,48,05-123-39202,NIOBRARA
-4.7020268772290725,-0.001408850127523726,36,48,True,9512.0,True,True,48,05-123-39240,NIOBRARA
-3.4924594300088865,-0.002149788927454927,36,48,True,7513.0,True,True,48,05-123-39256,NIOBRARA
-3.5440970219036085,-0.0020544375434714793,36,48,True,7418.0,True,True,48,05-123-39257,NIOBRARA
-3.4798899533139847,-0.002147469342761894,36,48,True,7434.0,True,True,48,05-123-39258,NIOBRARA
-3.17965276008415,-0.0022953617345231434,36,48,True,7469.0,True,True,48,05-123-39259,NIOBRARA
-3.1090613307403485,-0.0029729421485623114,36,48,True,7483.0,True,True,48,05-123-39260,NIOBRARA
-3.287994551212924,-0.0023609874343933548,36,48,True,7526.0,True,True,48,05-123-39261,NIOBRARA
-3.2374976113438576,-0.002297596225403855,36,48,True,7514.0,True,True,48,05-123-39264,NIOBRARA
-3.930390875031861,-0.0018964129824074463,36,48,True,4346.0,True,True,48,05-123-39277,NIOBRARA
-4.202607512153035,-0.0019051778253296563,36,48,True,4368.0,True,True,48,05-123-39278,NIOBRARA
-3.2900553589693082,-0.002227953005782093,36,48,True,7519.0,True,True,48,05-123-39305,NIOBRARA
-3.616871278424888,-0.0018736504167194495,36,48,True,7462.0,True,True,48,05-123-39306,NIOBRARA
-3.320872664941409,-0.0020732021019854666,36,48,True,7568.0,True,True,48,05-123-39307,NIOBRARA
-3.1614376467374568,-0.002789737579593145,36,48,True,7512.0,True,True,48,05-123-39308,NIOBRARA
-4.214743494177233,-0.0017846927423287346,36,48,True,4412.0,True,True,48,05-123-39331,NIOBRARA
-4.27307008088155,-0.001382960409286467,36,48,True,4747.0,True,True,48,05-123-39368,NIOBRARA
-3.182887261641226,-0.0039016952588977255,36,48,True,4758.0,True,True,43,05-123-39370,NIOBRARA
-3.522739515994454,-0.002186787066475693,36,48,True,4715.0,True,True,48,05-123-39372,NIOBRARA
-4.2559885980937535,-0.0015904159871655548,36,48,True,4381.0,True,True,48,05-123-39383,NIOBRARA
-4.174318334096913,-0.0023713042727503287,36,48,True,4374.0,True,True,48,05-123-39440,NIOBRARA
-4.037700411090131,-0.001929490408811631,36,48,True,4396.0,True,True,48,05-123-39441,NIOBRARA
-3.489615155462264,-0.0018988633743836423,36,48,True,4332.0,True,True,48,05-123-39442,NIOBRARA
-3.914535564635625,-0.0022180397880383843,36,48,True,4315.0,True,True,48,05-123-39443,NIOBRARA
-3.948887408390451,-0.0015284677203720352,36,48,True,4322.0,True,True,48,05-123-39444,NIOBRARA
-4.5302308912786655,-0.0015207125434718565,36,48,True,8334.0,True,True,48,05-123-39523,NIOBRARA
-4.690294148765227,-0.0017213608348307572,36,48,True,8227.0,True,True,48,05-123-39524,NIOBRARA
-4.45596305909806,-0.0018628537126947062,36,48,True,8213.0,True,True,48,05-123-39525,NIOBRARA
-4.429417572275426,-0.001854666459522262,36,48,True,8144.0,True,True,48,05-123-39526,NIOBRARA
-4.556109944364142,-0.0017551227904724683,36,48,True,8158.0,True,True,48,05-123-39527,NIOBRARA
-4.574648576108195,-0.0019488077332410383,36,48,True,8092.0,True,True,48,05-123-39528,NIOBRARA
-4.467691519603797,-0.0020302894666215164,36,48,True,8122.0,True,True,48,05-123-39529,NIOBRARA
-4.489742941530652,-0.0018043536900507829,36,48,True,8146.0,True,True,48,05-123-39530,NIOBRARA
-4.844797016183346,-0.0015192490936238776,36,48,True,8268.0,True,True,48,05-123-39531,NIOBRARA
-4.7069301274518445,-0.0016521884252780447,36,48,True,8112.0,True,True,48,05-123-39532,NIOBRARA
-4.021718491884746,-0.0014731860584770357,36,48,True,8137.0,True,True,48,05-123-39533,NIOBRARA
-4.585264529736177,-0.0021753522545506707,36,48,True,8159.0,True,True,48,05-123-39534,NIOBRARA
-3.374818892744213,-0.0015380942021728397,36,48,True,9184.0,True,True,48,05-123-39649,NIOBRARA
-3.4143689500312133,-0.0015057941229977131,36,48,True,9113.0,True,True,48,05-123-39652,NIOBRARA
-3.4077031994580755,-0.001873845607369353,36,48,True,4890.0,True,True,48,05-123-39654,NIOBRARA
-3.180937426438298,-0.0017131665875156409,36,48,True,4897.0,True,True,48,05-123-39663,NIOBRARA
-3.4750010012544643,-0.00166178885278296,36,48,True,4900.0,True,True,48,05-123-39672,NIOBRARA
-3.3167709640116856,-0.001596734013584422,36,48,True,9109.0,True,True,48,05-123-39686,NIOBRARA
-3.3003737636375297,-0.0016104442039092534,36,48,True,9292.0,True,True,48,05-123-39695,NIOBRARA
-3.934755140735772,-0.0016171804874624185,36,48,True,4786.0,True,True,48,05-123-39698,NIOBRARA
-3.4563393634667863,-0.0016712979661076867,36,48,True,9180.0,True,True,48,05-123-39699,NIOBRARA
-3.4770133873367706,-0.0016967852904456492,36,48,True,9166.0,True,True,48,05-123-39700,NIOBRARA
-3.552521076339192,-0.0015195583880018332,36,48,True,4697.0,True,True,48,05-123-39701,NIOBRARA
-3.569107629479492,-0.0016017666725221319,36,48,True,4514.0,True,True,48,05-123-39703,NIOBRARA
-2.919644730717817,-0.002007279746792265,36,48,True,4926.0,True,True,48,05-123-39758,NIOBRARA
-2.74660750642007,-0.0016964626494211522,36,48,True,4878.0,True,True,48,05-123-39760,NIOBRARA
-3.0571190108395183,-0.0017286081325968625,36,48,True,9117.0,True,True,48,05-123-39761,NIOBRARA
-2.9424394978890396,-0.001856991173969202,36,48,True,4881.0,True,True,48,05-123-39765,NIOBRARA
-2.972684450134713,-0.0017538083786104094,36,48,True,9079.0,True,True,48,05-123-39766,NIOBRARA
-3.043247031386586,-0.0017464810285235874,36,48,True,9076.0,True,True,48,05-123-39767,NIOBRARA
-2.8794626220210073,-0.0018780436091145154,36,48,True,4150.0,True,True,48,05-123-39805,NIOBRARA
-3.1353781109586754,-0.001760658411090252,36,48,True,4622.0,True,True,48,05-123-39806,NIOBRARA
-2.9140704230200907,-0.0018614406787431067,36,48,True,4300.0,True,True,48,05-123-39807,NIOBRARA
-2.810095742147742,-0.001788825523171241,36,48,True,4862.0,True,True,48,05-123-39809,NIOBRARA
-2.6685957343885707,-0.0017821919321223895,36,48,True,4888.0,True,True,48,05-123-39810,NIOBRARA
-2.6466751948582337,-0.0019144925604484516,36,48,True,4951.0,True,True,48,05-123-39812,NIOBRARA
-2.8003169958129503,-0.0018832073005029498,36,48,True,4124.0,True,True,48,05-123-39814,NIOBRARA
-2.754142201028339,-0.001908077559060668,36,48,True,3973.0,True,True,48,05-123-39817,NIOBRARA
-2.811453973396431,-0.00197846509848465,36,48,True,4065.0,True,True,48,05-123-39819,NIOBRARA
-2.73656200364601,-0.0018808456704255273,36,48,True,4050.0,True,True,48,05-123-39820,NIOBRARA
-2.4755225983490123,-0.001555942240734322,36,48,True,5240.0,True,True,48,05-123-39828,NIOBRARA
-2.5486806002419975,-0.0020284480217392727,36,48,True,5047.0,True,True,48,05-123-39831,NIOBRARA
-2.7105770939845284,-0.0018311682347701488,36,48,True,5251.0,True,True,48,05-123-39836,NIOBRARA
-2.667733856100978,-0.0018966009278428527,36,48,True,5255.0,True,True,48,05-123-39844,NIOBRARA
-2.4527561071257304,-0.0018119038372035054,36,48,True,4092.0,True,True,48,05-123-39852,NIOBRARA
-2.709529888234759,-0.0020702174783707897,36,48,True,5056.0,True,True,48,05-123-39872,NIOBRARA
-2.9692784339394818,-0.0018514720287610817,36,48,True,4056.0,True,True,48,05-123-39875,NIOBRARA
-2.8172116875159374,-0.0018707880049294902,36,48,True,5006.0,True,True,48,05-123-39877,NIOBRARA
-2.8323283577963982,-0.002254731950626555,36,48,True,4000.0,True,True,48,05-123-39878,NIOBRARA
-2.916957070401196,-0.0018588950664388858,36,48,True,4067.0,True,True,48,05-123-39879,NIOBRARA
-3.015209060770438,-0.0017490586461914239,36,48,True,9088.0,True,True,48,05-123-39896,NIOBRARA
-2.903616624541525,-0.001975565126935957,36,48,True,4212.0,True,True,48,05-123-39898,NIOBRARA
-2.836369324936647,-0.0016164577773448612,36,48,True,9121.0,True,True,48,05-123-39899,NIOBRARA
-4.277097175350174,-0.0014052430766679819,36,48,True,5065.0,True,True,48,05-123-39927,NIOBRARA
-3.5965375552531578,-0.0019211439004741516,36,48,True,5038.0,True,True,48,05-123-39929,NIOBRARA
-3.7738232890951813,-0.0021659579457348702,36,48,True,5078.0,True,True,48,05-123-39930,NIOBRARA
-4.008945490339606,-0.0017433530971833395,36,48,True,4345.0,True,True,48,05-123-39948,NIOBRARA
-2.9964374110292376,-0.0021385208452460005,36,48,True,5413.0,True,True,48,05-123-40021,NIOBRARA
-3.6463099554518243,-0.0018449342542789964,36,48,True,5431.0,True,True,48,05-123-40023,NIOBRARA
-3.6990319131833953,-0.0023920030611684928,36,48,True,5408.0,True,True,48,05-123-40024,CARLILE-CODELL-FORT HAYS
-3.768184382688904,-0.0018432719835612987,36,48,True,4475.0,True,True,48,05-123-40028,NIOBRARA
-3.692752840461627,-0.0020749316973971738,36,48,True,7519.0,True,True,48,05-123-40049,NIOBRARA
-3.4493523520069385,-0.0015874509645150718,36,48,True,7993.0,True,True,48,05-123-40132,NIOBRARA
-3.6567201763475268,-0.0012448991720342133,36,48,True,8008.0,True,True,48,05-123-40134,NIOBRARA
-3.3991257116359295,-0.0017983067484308797,36,48,True,7916.0,True,True,48,05-123-40139,NIOBRARA
-3.7172056553259396,-0.0015436252004220748,36,48,True,7945.0,True,True,48,05-123-40209,NIOBRARA
-3.597118814906727,-0.0018390359345167072,36,48,True,7981.0,True,True,48,05-123-40212,NIOBRARA
-3.7941647820122464,-0.0012082262537978239,36,48,True,7490.0,True,True,48,05-123-40213,NIOBRARA
-3.2473597334603825,-0.0019961660845496496,36,48,True,7526.0,True,True,48,05-123-40214,NIOBRARA
-3.5579528980545074,-0.0015535951747175018,36,48,True,7679.0,True,True,48,05-123-40215,CODELL
-3.8326382343486536,-0.001592966340741914,36,48,True,4847.0,True,True,48,05-123-40216,NIOBRARA
-3.224304184646588,-0.002508922109127144,36,48,True,4832.0,True,True,48,05-123-40218,NIOBRARA
-3.1522664107286427,-0.0025953292631191506,36,48,True,4819.0,True,True,48,05-123-40219,NIOBRARA
-3.569210679122946,-0.001863672782610349,36,48,True,4818.0,True,True,48,05-123-40220,NIOBRARA
-3.945738658556438,-0.0018249364314615044,36,48,True,8037.0,True,True,48,05-123-40411,NIOBRARA
-3.8851090453403128,-0.0015008678948218407,36,48,True,4333.0,True,True,48,05-123-40454,NIOBRARA
-3.465823543399001,-0.001778783530841614,36,48,True,4325.0,True,True,48,05-123-40455,NIOBRARA
-4.028588915298909,-0.0016343339361869743,36,48,True,4589.0,True,True,48,05-123-40494,NIOBRARA
-3.7400839250274056,-0.0018950149858212924,36,48,True,4653.0,True,True,48,05-123-40495,NIOBRARA
-3.8469625281043114,-0.0019052427817984078,36,48,True,4608.0,True,True,48,05-123-40496,NIOBRARA
-3.4241825960405907,-0.002171600820780324,36,48,True,4377.0,True,True,48,05-123-40525,NIOBRARA
-3.4354491097972817,-0.00187112886036263,36,48,True,4405.0,True,True,48,05-123-40527,NIOBRARA
-2.986936611790209,-0.0018688376799087508,36,48,True,4665.0,True,True,48,05-123-40572,NIOBRARA
-3.088501798996018,-0.0018822180206730591,36,48,True,4645.0,True,True,48,05-123-40574,NIOBRARA
-2.8311743106606766,-0.00200723946666264,36,48,True,4403.0,True,True,48,05-123-40582,NIOBRARA
-2.823072848828152,-0.0021253344091522633,36,48,True,4745.0,True,True,48,05-123-40584,NIOBRARA
-2.957042958145886,-0.002167520790195482,36,48,True,4162.0,True,True,48,05-123-40591,NIOBRARA
-2.8671300820089898,-0.002110276944751323,36,48,True,4110.0,True,True,48,05-123-40592,NIOBRARA
-2.9117016681623937,-0.0019085956100052107,36,48,True,5475.0,True,True,48,05-123-40593,NIOBRARA
-2.889392175205803,-0.002007288170505587,36,48,True,5420.0,True,True,48,05-123-40597,NIOBRARA
-2.884006935569817,-0.0022442998444087885,36,48,True,4329.0,True,True,48,05-123-40599,NIOBRARA
-2.5200426048037645,-0.0017524599087970132,36,48,True,5409.0,True,True,48,05-123-40600,NIOBRARA
-2.6543298666889727,-0.0018371841900040732,36,48,True,5497.0,True,True,48,05-123-40601,NIOBRARA
-2.73863520264612,-0.002032649841473409,36,48,True,4273.0,True,True,48,05-123-40602,NIOBRARA
-2.47646965712183,-0.0019888262294410573,36,48,True,5234.0,True,True,48,05-123-40631,NIOBRARA
-2.8470466927170213,-0.002044798419937553,36,48,True,3919.0,True,True,48,05-123-40634,NIOBRARA
-3.0967374164537413,-0.0020536044894530077,36,48,True,3961.0,True,True,48,05-123-40639,NIOBRARA
-2.9104156786872255,-0.0018484260457873245,36,48,True,5286.0,True,True,48,05-123-40640,NIOBRARA
-2.516454329787789,-0.0020394594965328764,36,48,True,5406.0,True,True,48,05-123-40641,NIOBRARA
-2.864916935802196,-0.0016696230115998945,36,48,True,5464.0,True,True,48,05-123-40642,NIOBRARA
-2.5379922341264,-0.0020320778553789883,36,48,True,4201.0,True,True,48,05-123-40647,NIOBRARA
-2.693757777227666,-0.00216873664577173,36,48,True,4094.0,True,True,48,05-123-40648,NIOBRARA
-2.5904851274960183,-0.0020473380426571735,36,48,True,4462.0,True,True,48,05-123-40659,CODELL-FORT HAYS
-3.058135827492886,-0.0022236811861296797,36,48,True,4446.0,True,True,48,05-123-40660,NIOBRARA
-2.415821240377694,-0.002455202368934602,36,48,True,4696.0,True,True,48,05-123-40662,NIOBRARA
-2.996071355456571,-0.0024415177455332305,36,48,True,4384.0,True,True,48,05-123-40663,NIOBRARA
-2.7782828771368457,-0.0019861108398799123,36,48,True,4337.0,True,True,48,05-123-40664,NIOBRARA
-2.7569864168900207,-0.002015572430121032,36,48,True,4318.0,True,True,48,05-123-40667,NIOBRARA
-2.5693361352677164,-0.002356531002504408,36,48,True,4929.0,True,True,48,05-123-40673,NIOBRARA
-2.849337234163036,-0.002252109901495904,36,48,True,4649.0,True,True,48,05-123-40675,NIOBRARA
-2.8232008952216145,-0.001972691533381091,36,48,True,4766.0,True,True,48,05-123-40676,NIOBRARA
-2.8660531556817803,-0.0023137051703964492,36,48,True,4692.0,True,True,48,05-123-40681,NIOBRARA
-2.7518427925743216,-0.002116024592848269,36,48,True,4795.0,True,True,48,05-123-40682,NIOBRARA
-3.2875157873171017,-0.0018939539355035087,36,48,True,4306.0,True,True,48,05-123-40683,NIOBRARA
-3.3173531864041803,-0.0017584054369424252,36,48,True,4805.0,True,True,48,05-123-40684,NIOBRARA
-2.9829108971319744,-0.002090474528488729,36,48,True,4740.0,True,True,48,05-123-40685,NIOBRARA
-3.2968570673765223,-0.0017795593346363677,36,48,True,4289.0,True,True,48,05-123-40688,NIOBRARA
-2.8867648601703713,-0.0023080450236183966,36,48,True,4229.0,True,True,48,05-123-40689,NIOBRARA
-2.71229717598396,-0.002190237512590153,36,48,True,4709.0,True,True,48,05-123-40690,NIOBRARA
-3.108009416670587,-0.0017151160747167471,36,48,True,4308.0,True,True,48,05-123-40691,NIOBRARA
-2.940221518889903,-0.0017666925464882941,36,48,True,10381.0,True,True,48,05-123-40808,NIOBRARA
-2.9212285387309005,-0.001846077504544242,36,48,True,10354.0,True,True,48,05-123-40812,NIOBRARA
-2.59349780828582,-0.0032068114732057016,36,48,True,10360.0,True,True,48,05-123-40813,NIOBRARA
-3.192269647554612,-0.001993741315952934,36,48,True,10427.0,True,True,48,05-123-40815,NIOBRARA
-2.7240319554324013,-0.002280512708870437,36,48,True,10566.0,True,True,48,05-123-40818,NIOBRARA
-2.617164784268075,-0.0021624728573347196,36,48,True,10253.0,True,True,48,05-123-40819,NIOBRARA
-3.438580194504845,-0.002000711254087443,36,48,True,10132.0,True,True,48,05-123-41021,NIOBRARA
-3.853394139780468,-0.0014732326186036565,36,48,True,10226.0,True,True,48,05-123-41024,NIOBRARA
-3.3471126920073773,-0.0018117631713853507,36,48,True,4992.0,True,True,48,05-123-41038,NIOBRARA
-3.8664432543720504,-0.0019877759687817326,36,48,True,4701.0,True,True,48,05-123-41152,NIOBRARA
-4.175876809421978,-0.00134345809275843,36,48,True,4754.0,True,True,48,05-123-41153,NIOBRARA
-3.6480418912311148,-0.0025493879580931987,36,48,True,4761.0,True,True,48,05-123-41239,NIOBRARA
-3.149609794531166,-0.0017523290871274365,36,48,True,4742.0,True,True,48,05-123-41243,NIOBRARA
-3.4686180016677852,-0.0018372684620710888,36,48,True,10257.0,True,True,48,05-123-41445,NIOBRARA
-3.8885276417828623,-0.0017381893704168888,36,48,True,10309.0,True,True,48,05-123-41446,CARLILE-CODELL-FORT HAYS
-3.4705696739322502,-0.0019350010042304465,36,48,True,10146.0,True,True,48,05-123-41448,NIOBRARA
-3.2302250919552105,-0.0018421597133899156,36,48,True,10300.0,True,True,48,05-123-41451,NIOBRARA
-3.534843801656134,-0.0020752744617156663,36,48,True,10184.0,True,True,48,05-123-41452,NIOBRARA
-3.73497470559091,-0.0019341213950682646,36,48,True,10170.0,True,True,48,05-123-41481,CODELL-FORT HAYS
-4.012354732985092,-0.001979677831890359,36,48,True,8051.0,True,True,48,05-123-41491,NIOBRARA
-2.998697719016251,-0.0010774583870624534,36,48,True,4842.0,True,True,48,05-123-41561,CODELL|CODELL-FORT HAYS|FORT HAYS
-2.868729857976941,-0.0018742534043569028,36,48,True,4685.0,True,True,48,05-123-41562,NIOBRARA
-2.5755080011286218,-0.0019518872196282724,36,48,True,4678.0,True,True,48,05-123-41563,NIOBRARA
-2.777697088387028,-0.0018784302441473462,36,48,True,4771.0,True,True,48,05-123-41564,NIOBRARA
-2.652709529711682,-0.0020794764549032434,36,48,True,4725.0,True,True,48,05-123-41565,NIOBRARA
-2.478354114249455,-0.0023011924040557724,36,48,True,4716.0,True,True,48,05-123-41566,NIOBRARA
-2.7792776345126478,-0.0018029465944643208,36,48,True,4731.0,True,True,48,05-123-41567,NIOBRARA
-2.683597818700331,-0.00208151327384261,36,48,True,4483.0,True,True,48,05-123-41568,NIOBRARA
-2.332470172203908,-0.0018421374356361979,36,48,True,4832.0,True,True,48,05-123-41584,NIOBRARA
-2.406626683287957,-0.0021229406434183787,36,48,True,4771.0,True,True,48,05-123-41585,NIOBRARA
-2.390955286075082,-0.0018039226887891456,36,48,True,4841.0,True,True,48,05-123-41586,NIOBRARA
-2.5501957488578686,-0.0017982627837226212,36,48,True,4752.0,True,True,48,05-123-41587,NIOBRARA
-2.4110566807674,-0.002633393822092782,36,48,True,4776.0,True,True,48,05-123-41588,NIOBRARA
-2.585316286628513,-0.0018197118461130857,36,48,True,4699.0,True,True,48,05-123-41589,NIOBRARA
-2.8991020499213986,-0.0018455489795696275,36,48,True,4670.0,True,True,48,05-123-41590,NIOBRARA
-3.7718193305412058,-0.0021360368854215915,36,48,True,8205.0,True,True,48,05-123-41641,NIOBRARA
-4.061800081710324,-0.0019864026401222074,36,48,True,8212.0,True,True,48,05-123-41642,NIOBRARA
-4.560808633059122,-0.002085512355934301,36,48,True,8164.0,True,True,48,05-123-41643,NIOBRARA-FT HAYS-CODELL
-4.098346571154124,-0.0018742634434936584,36,48,True,8139.0,True,True,48,05-123-41644,NIOBRARA
-3.3844885186825726,-0.002495934310858386,36,48,True,8118.0,True,True,48,05-123-41645,NIOBRARA
-4.098702702940607,-0.0019441468805472305,36,48,True,8220.0,True,True,48,05-123-41646,NIOBRARA
-4.624886051354779,-0.0019152085718165907,36,48,True,7646.0,True,True,48,05-123-41647,CARLILE-CODELL-FORT HAYS
-4.203680524243275,-0.0019293674774190615,36,48,True,7716.0,True,True,48,05-123-41648,NIOBRARA
-4.090787025904506,-0.0028860123419164408,36,48,True,7661.0,True,True,48,05-123-41649,NIOBRARA
-4.36868726692475,-0.0020968171962167984,36,48,True,7708.0,True,True,48,05-123-41650,NIOBRARA
-4.4211628891219155,-0.0018786944539626134,36,48,True,7737.0,True,True,48,05-123-41651,NIOBRARA
-3.867606725117003,-0.002111323868786328,36,48,True,7725.0,True,True,48,05-123-41652,NIOBRARA
-3.711000569048204,-0.0014679261734101485,36,48,True,7879.0,True,True,48,05-123-41693,NIOBRARA
-3.0835490690948126,-0.0021637575602534895,36,48,True,7943.0,True,True,48,05-123-41694,NIOBRARA
-4.358278523865752,-0.0018057122315086728,36,48,True,7753.0,True,True,48,05-123-41768,NIOBRARA
-3.415211533127357,-0.0025870677400631477,36,48,True,8154.0,True,True,48,05-123-41769,NIOBRARA
-3.874811144555888,-0.0017687231691295578,36,48,True,6863.0,True,True,48,05-123-41770,NIOBRARA
-4.140580867506806,-0.0019328733031728114,36,48,True,8251.0,True,True,48,05-123-41771,NIOBRARA
-3.7306079500212768,-0.0020139146340221997,36,48,True,7593.0,True,True,48,05-123-41772,NIOBRARA
-4.225056623932057,-0.0022211523217307576,36,48,True,7668.0,True,True,48,05-123-41773,NIOBRARA
-3.5301375839228566,-0.002152203944237572,36,48,True,8141.0,True,True,48,05-123-41774,NIOBRARA
-3.8006749732256053,-0.002432399666687689,36,48,True,6953.0,True,True,48,05-123-41778,NIOBRARA
-3.2657204883893414,-0.002092349628679451,36,48,True,8275.0,True,True,48,05-123-41779,NIOBRARA
-4.111637612884832,-0.0018095508615285363,36,48,True,8126.0,True,True,48,05-123-41781,CARLILE-CODELL-FORT HAYS
-3.12165325889691,-0.0025460809448060004,36,48,True,8164.0,True,True,48,05-123-41782,NIOBRARA
-4.335453352647293,-0.0017947534704733426,36,48,True,7490.0,True,True,48,05-123-41783,CODELL
-4.018317991210423,-0.0018554209916834047,36,48,True,7613.0,True,True,48,05-123-41829,CARLILE-CODELL-FORT HAYS
-3.694287634216459,-0.002217212090232813,36,48,True,8093.0,True,True,48,05-123-41830,CARLILE-CODELL-FORT HAYS
-3.8252337312570392,-0.003710118296173952,36,48,True,7862.0,True,True,48,05-123-41831,NIOBRARA
-3.04719517268776,-0.0025888515564710104,36,48,True,8280.0,True,True,48,05-123-41832,NIOBRARA
-4.313564595144739,-0.0016500798077004697,36,48,True,7630.0,True,True,48,05-123-41834,NIOBRARA
-3.796165311549079,-0.0017088234389531969,36,48,True,7658.0,True,True,48,05-123-41836,NIOBRARA
-3.7901928923952886,-0.0021987236353822933,36,48,True,8159.0,True,True,48,05-123-41839,NIOBRARA
-3.248061247051587,-0.0017744354490159791,36,48,True,8194.0,True,True,48,05-123-41840,NIOBRARA
-3.163789324402385,-0.002265930750243539,36,48,True,8151.0,True,True,48,05-123-41841,NIOBRARA
-4.541457258402228,-0.0016330713140584674,36,48,True,7639.0,True,True,48,05-123-42109,CARLILE-CODELL-FORT HAYS
-4.521847722541348,-0.0015170088515466342,36,48,True,7687.0,True,True,48,05-123-42110,NIOBRARA
-4.07488986731218,-0.0021842122820661548,36,48,True,7004.0,True,True,48,05-123-42111,NIOBRARA
-4.152842314357819,-0.0015215470704696913,36,48,True,8155.0,True,True,48,05-123-42112,NIOBRARA-FORT HAYS-CODELL-CARLILE
-4.062710736565418,-0.0017625307753598091,36,48,True,6937.0,True,True,48,05-123-42114,NIOBRARA
-3.2348140117696182,-0.0019744869654590783,36,48,True,8124.0,True,True,48,05-123-42115,NIOBRARA
-3.7504443229330704,-0.002700125665130837,36,48,True,7654.0,True,True,48,05-123-42116,NIOBRARA
-4.044070882084835,-0.0017588088905695065,36,48,True,7678.0,True,True,48,05-123-42117,NIOBRARA
-3.365882544955182,-0.0019670349140045586,36,48,True,8194.0,True,True,48,05-123-42118,NIOBRARA
-3.11955228579734,-0.0022289409282319718,36,48,True,8208.0,True,True,48,05-123-42121,NIOBRARA
-4.230449239616171,-0.0014271286520989327,36,48,True,8146.0,True,True,48,05-123-42126,NIOBRARA
-4.565968034332588,-0.0012484658240743572,36,48,True,10230.0,True,True,48,05-123-42594,NIOBRARA
-4.208047852910764,-0.0015960447127345713,36,48,True,10332.0,True,True,48,05-123-42595,NIOBRARA
-4.561918230746294,-0.0013778284251407568,36,48,True,10352.0,True,True,48,05-123-42596,NIOBRARA
-3.823181874806479,-0.0016147219001277338,36,48,True,10328.0,True,True,48,05-123-42597,NIOBRARA
-4.80208721404056,-0.001513874196405931,36,48,True,10280.0,True,True,48,05-123-42598,CARLILE-CODELL-FORT HAYS
-3.2894226090204666,-0.0012950913479815099,36,48,True,10061.0,True,True,48,05-123-42599,NIOBRARA
-2.7129219828587527,-0.0023514049133286333,36,48,True,5005.0,True,True,48,05-123-42632,NIOBRARA
-2.8642064685083994,-0.0024943247200360924,36,48,True,5012.0,True,True,48,05-123-42633,NIOBRARA
-4.4397872668090566,-0.0027140355240369528,36,48,True,10209.0,True,True,48,05-123-42634,NIOBRARA-FORT HAYS-CODELL-CARLILE
-3.3259073762661493,-0.0019780317218916553,36,48,True,10226.0,True,True,48,05-123-42636,NIOBRARA
-4.477719113883801,-0.001027396386801137,36,48,True,10172.0,True,True,48,05-123-42638,NIOBRARA-FORT HAYS-CODELL-CARLILE
-3.6461719489223574,-0.0013173555097366295,36,48,True,10113.0,True,True,48,05-123-42640,NIOBRARA
-2.7403733387045035,-0.0024123146841514877,36,48,True,10072.0,True,True,48,05-123-42641,NIOBRARA
-3.401629127261344,-0.0020247842380499755,36,48,True,9796.0,True,True,48,05-123-42643,NIOBRARA
-4.287127029597954,-0.002730284243436478,36,48,True,10231.0,True,True,48,05-123-42646,NIOBRARA
-3.160635987020417,-0.0027501248465838972,36,48,True,10236.0,True,True,48,05-123-42647,NIOBRARA
-4.716162830800876,-0.001459901090686981,36,48,True,10108.0,True,True,48,05-123-42648,CODELL
-3.326731023172065,-0.002035990353050952,36,48,True,10084.0,True,True,48,05-123-42649,NIOBRARA
-3.4074292109774444,-0.001819353113107914,36,48,True,10245.0,True,True,48,05-123-42650,NIOBRARA
-3.1767223923663677,-0.0017398080011345105,36,48,True,10048.0,True,True,48,05-123-42651,NIOBRARA
-3.200450096289573,-0.0018631698221614427,36,48,True,10186.0,True,True,48,05-123-42653,NIOBRARA
-4.134058489429261,-0.0015750022206456563,36,48,True,10108.0,True,True,48,05-123-42654,NIOBRARA
-2.362451875701574,-0.0020129221720684275,36,48,True,5014.0,True,True,48,05-123-42787,NIOBRARA
-2.6725639114686013,-0.002586145896978783,36,48,True,4998.0,True,True,48,05-123-42788,NIOBRARA
-2.685201204142458,-0.00232195295850722,36,48,True,5028.0,True,True,48,05-123-42789,NIOBRARA
-2.862335314602828,-0.0025006986962400647,36,48,True,5009.0,True,True,48,05-123-42803,NIOBRARA
-2.6833322231270142,-0.002640737023408353,36,48,True,5152.0,True,True,48,05-123-42804,NIOBRARA
-2.6564558553763606,-0.002245815541715846,36,48,True,5038.0,True,True,48,05-123-42805,NIOBRARA
-4.054214119394117,-0.0014148668120095966,36,48,True,10274.0,True,True,48,05-123-42847,NIOBRARA
-4.024333213770915,-0.0017945829444719853,36,48,True,10219.0,True,True,48,05-123-42848,NIOBRARA-FT HAYS-CODELL
-3.754576542784798,-0.0018403535163926735,36,48,True,10328.0,True,True,48,05-123-42850,NIOBRARA
-3.1447608038830537,-0.002428067911546787,36,48,True,10219.0,True,True,48,05-123-42852,NIOBRARA
-3.3916069508325206,-0.001658059743515042,36,48,True,8224.0,True,True,48,05-123-42870,NIOBRARA
-3.384548520261474,-0.0016676185479222144,36,48,True,8113.0,True,True,48,05-123-42871,NIOBRARA
-3.800949624190915,-0.001284085820132569,36,48,True,8156.0,True,True,48,05-123-42872,NIOBRARA
-4.178342250210246,-0.0011184275069824913,36,48,True,8124.0,True,True,48,05-123-42875,CARLILE-CODELL-FORT HAYS
-3.2703907304483892,-0.0013707643525185202,36,48,True,8172.0,True,True,48,05-123-42880,NIOBRARA
-3.089241585314167,-0.0022054173959074282,36,48,True,10128.0,True,True,48,05-123-42938,NIOBRARA
-3.087395328699862,-0.0018781856946641434,36,48,True,10385.0,True,True,48,05-123-42939,NIOBRARA
-2.875026807068283,-0.00230183658752449,36,48,True,10466.0,True,True,48,05-123-42940,NIOBRARA
-2.718053581739449,-0.002489407442778878,36,48,True,10566.0,True,True,48,05-123-42941,NIOBRARA
-2.776752086588197,-0.0022938351341382597,36,48,True,10729.0,True,True,48,05-123-42942,NIOBRARA
-2.9766085336516945,-0.0017644022048708243,36,48,True,10688.0,True,True,48,05-123-42943,NIOBRARA
-2.7268038998751734,-0.0012119432146152004,36,48,True,5043.0,True,True,48,05-123-42944,NIOBRARA
-2.330020094098834,-0.0022987231694169383,36,48,True,5019.0,True,True,48,05-123-42946,NIOBRARA
-2.76305223439249,-0.002073806080045574,36,48,True,10464.0,True,True,48,05-123-42947,NIOBRARA
-2.826878283670332,-0.0023576597932318537,36,48,True,10604.0,True,True,48,05-123-42948,NIOBRARA
-3.033983020890494,-0.0021909754646352035,36,48,True,10605.0,True,True,48,05-123-42949,NIOBRARA
-3.0015460224563615,-0.0021430675006235333,36,48,True,10557.0,True,True,48,05-123-42950,NIOBRARA
-2.6008673553482953,-0.0027773548870024508,36,48,True,10605.0,True,True,48,05-123-42951,NIOBRARA
-2.8514483418017007,-0.0021790897895494115,36,48,True,10498.0,True,True,48,05-123-42952,NIOBRARA
-2.7669455909857232,-0.002109857501713476,36,48,True,10592.0,True,True,48,05-123-42953,NIOBRARA
-2.6622703586659546,-0.00238309886665293,36,48,True,4607.0,True,True,48,05-123-42957,NIOBRARA
-2.4125131972831513,-0.0027154538126718513,36,48,True,4591.0,True,True,48,05-123-42958,NIOBRARA
-2.326060830061904,-0.002258894828527048,36,48,True,4768.0,True,True,48,05-123-42959,NIOBRARA
-2.4874322971273397,-0.0025532249098616667,36,48,True,4486.0,True,True,48,05-123-42960,NIOBRARA
-2.2207302938012132,-0.002210093037222545,36,48,True,4736.0,True,True,48,05-123-42961,NIOBRARA
-2.524943025719358,-0.0023506933451033956,36,48,True,4526.0,True,True,48,05-123-42962,NIOBRARA
-2.395438273239482,-0.0026557583251033273,36,48,True,4483.0,True,True,48,05-123-42963,NIOBRARA
-2.3207792703275114,-0.002093406843722008,36,48,True,4774.0,True,True,48,05-123-42964,NIOBRARA
-2.5987807289264406,-0.0029271924233340223,36,48,True,4872.0,True,True,48,05-123-42965,NIOBRARA
-2.4337240054973908,-0.002389838499363322,36,48,True,4788.0,True,True,48,05-123-42966,NIOBRARA
-2.393485631198284,-0.002269559698511058,36,48,True,4785.0,True,True,48,05-123-42967,NIOBRARA
-2.4311993410715766,-0.0018218344041903594,36,48,True,4952.0,True,True,48,05-123-42968,NIOBRARA
-2.7819587636042806,-0.0018652131392863339,36,48,True,11123.0,True,True,48,05-123-42969,NIOBRARA
-2.8565173045380603,-0.00203579084211763,36,48,True,4848.0,True,True,48,05-123-42970,NIOBRARA
-2.597738920578822,-0.002484774906499602,36,48,True,4967.0,True,True,48,05-123-42971,NIOBRARA
-2.8195711650413653,-0.001599152927148064,36,48,True,11195.0,True,True,48,05-123-42972,NIOBRARA
-2.8132071649196444,-0.0025302308606785025,36,48,True,4941.0,True,True,48,05-123-42973,NIOBRARA
-2.7943100338636575,-0.0025855091262749303,36,48,True,4838.0,True,True,48,05-123-42975,NIOBRARA
-2.891848497180063,-0.0023175243293488347,36,48,True,4912.0,True,True,48,05-123-42977,NIOBRARA
-2.7679177151040477,-0.0019846653235966643,36,48,True,11265.0,True,True,48,05-123-42978,NIOBRARA
-3.517723312923962,-0.0023560272394141982,36,48,True,11122.0,True,True,48,05-123-42979,NIOBRARA
-2.263492246916583,-0.00245841968719378,36,48,True,4905.0,True,True,48,05-123-42980,NIOBRARA
-2.975699031975794,-0.0020896996845726004,36,48,True,11105.0,True,True,48,05-123-42981,NIOBRARA
-2.978372131652866,-0.0019114714487160492,36,48,True,11193.0,True,True,48,05-123-42982,NIOBRARA
-2.581022911309421,-0.002534406150737298,36,48,True,4820.0,True,True,48,05-123-42983,NIOBRARA
-2.737888163461939,-0.0025803635665531616,36,48,True,4836.0,True,True,48,05-123-42984,NIOBRARA
-3.6576854837489665,-0.0016793093884424812,36,48,True,8166.0,True,True,48,05-123-43030,NIOBRARA
-3.5454369062173545,-0.0014671482874343382,36,48,True,8232.0,True,True,48,05-123-43031,NIOBRARA
-4.108517190062451,-0.0013992929607589547,36,48,True,8170.0,True,True,48,05-123-43034,NIOBRARA
-3.385659276960639,-0.0015270662615406599,36,48,True,8191.0,True,True,48,05-123-43038,NIOBRARA
-4.541855353643965,-0.0015550040938087431,36,48,True,8159.0,True,True,48,05-123-43039,CODELL
-4.210123429710376,-0.001720262280530816,36,48,True,8164.0,True,True,48,05-123-43040,CARLILE-CODELL-FORT HAYS
-3.7136218614862058,-0.001537364864388912,36,48,True,7690.0,True,True,48,05-123-43043,NIOBRARA
-3.9829747355239906,-0.0012131079856201469,36,48,True,8058.0,True,True,48,05-123-43122,NIOBRARA
-3.5485007600855436,-0.0016610440426292484,36,48,True,8178.0,True,True,48,05-123-43123,NIOBRARA
-3.610899275223509,-0.0016800727152634966,36,48,True,8214.0,True,True,48,05-123-43127,NIOBRARA
-2.427151568156543,-0.001942180730640757,36,48,True,5096.0,True,True,48,05-123-43287,NIOBRARA
-2.433868427993037,-0.0019308778653065583,36,48,True,5134.0,True,True,48,05-123-43288,NIOBRARA
-2.1218849488161013,-0.0019349811317517687,36,48,True,5233.0,True,True,48,05-123-43289,NIOBRARA
-2.1734396702095227,-0.002527047479479098,36,48,True,5042.0,True,True,48,05-123-43291,NIOBRARA
-2.447012321591538,-0.0020556932017782477,36,48,True,5095.0,True,True,48,05-123-43292,NIOBRARA
-2.0038163372443387,-0.0019894473314950806,36,48,True,5041.0,True,True,48,05-123-43293,NIOBRARA
-2.1439473328739003,-0.002681256557132088,36,48,True,4978.0,True,True,48,05-123-43294,NIOBRARA
-3.0825842202263085,-0.0014984746688439493,36,48,True,10337.0,True,True,48,05-123-43319,NIOBRARA
-2.946275503714872,-0.0016156760953159378,36,48,True,10385.0,True,True,48,05-123-43320,NIOBRARA
-3.0823031966996837,-0.00143005355139481,36,48,True,10385.0,True,True,48,05-123-43321,NIOBRARA
-3.1292946180433576,-0.0015144050712714717,36,48,True,10300.0,True,True,48,05-123-43322,NIOBRARA
-2.389573778660659,-0.002219291696413921,36,48,True,5193.0,True,True,48,05-123-43478,NIOBRARA
-2.267610799460715,-0.0021132060396033573,36,48,True,4784.0,True,True,48,05-123-43479,NIOBRARA
-2.4464715241134654,-0.002069569745025038,36,48,True,4999.0,True,True,48,05-123-43480,NIOBRARA-FT HAYS-CODELL
-2.325075636706218,-0.0022699659023134974,36,48,True,5059.0,True,True,48,05-123-43481,NIOBRARA
-2.0623224725197526,-0.002713639497641433,36,48,True,4922.0,True,True,48,05-123-43491,NIOBRARA
-3.3573247317526005,-0.0015336924128679813,36,48,True,4979.0,True,True,48,05-123-43492,CODELL|FORT HAYS|NIOBRARA|NIOBRARA-FT HAYS-CODELL
-1.9109929880238354,-0.0035675585841884235,36,48,True,5060.0,True,True,48,05-123-43493,NIOBRARA
-2.6857931469419554,-0.0024833217269368147,36,48,True,5000.0,True,True,48,05-123-43494,NIOBRARA
-2.5490700743793138,-0.002116873249938567,36,48,True,5036.0,True,True,48,05-123-43495,NIOBRARA
-2.3713396094782113,-0.0022449894994307196,36,48,True,4990.0,True,True,48,05-123-43496,NIOBRARA
-2.3094193148733937,-0.0022759466473515574,36,48,True,4984.0,True,True,48,05-123-43518,NIOBRARA
-2.5241593020304487,-0.0018638492465969478,36,48,True,8223.778335,True,True,48,05-123-43613,NOT COMPLETED
-3.0803919736571426,-0.001717295217357435,36,48,True,10179.07121,True,True,46,05-123-43614,NOT COMPLETED
-2.7086134371368003,-0.0018041154802260874,36,48,True,9293.740546,True,True,46,05-123-43617,NOT COMPLETED
-2.355976059957633,-0.00193074809986567,36,48,True,8903.345836,True,True,46,05-123-43618,NOT COMPLETED
-2.4932748509890974,-0.0021459265530869675,36,48,True,8134.907086,True,True,46,05-123-43619,NOT COMPLETED
-2.6546675812214184,-0.0019124759966223626,36,48,True,9563.642927,True,True,46,05-123-43620,NOT COMPLETED
-3.037924671989183,-0.002063966858219321,36,48,True,8139.606499,True,True,46,05-123-43623,NOT COMPLETED
-2.465033482686411,-0.0019469047287802262,36,48,True,9142.88854,True,True,46,05-123-43624,NOT COMPLETED
-2.9155099013573698,-0.0020142234332870207,36,48,True,9785.349926,True,True,46,05-123-43625,NOT COMPLETED
-2.3872200759903386,-0.002051714434562138,36,48,True,8971.500279,True,True,46,05-123-43627,NOT COMPLETED
-2.9796968707148546,-0.0014561142621350553,36,48,True,10460.39429,True,True,46,05-123-43628,NOT COMPLETED
-2.6529573710322807,-0.0020881566201752287,36,48,True,8167.498324,True,True,46,05-123-43629,NOT COMPLETED
-3.135635027230554,-0.002160312028147966,36,48,True,9975.052957,True,True,46,05-123-43630,NOT COMPLETED
-2.5473989465129065,-0.0024626969741243857,36,48,True,7286.0,True,True,48,05-123-43663,CODELL-FORT HAYS
-2.4226483216812635,-0.00189917857823086,36,48,True,7395.0,True,True,48,05-123-43664,NIOBRARA
-2.446073519329362,-0.0019118031957834917,36,48,True,8340.908854,True,True,48,05-123-43670,NOT COMPLETED
-2.601767408616484,-0.0018276874746944911,36,48,True,8476.628136,True,True,48,05-123-43677,NOT COMPLETED
-5.008421126684581,-0.001308624461535783,36,48,True,8069.0,True,True,48,05-123-43930,CODELL-FORT HAYS
-4.558214209195963,-0.0009873680429304307,36,48,True,7680.0,True,True,48,05-123-43931,NIOBRARA
-3.8385912834435967,-0.0013686040949059594,36,48,True,7260.0,True,True,48,05-123-43932,CARLILE-CODELL-FORT HAYS
-5.202211062385383,-0.0010561391923334953,36,48,True,8085.0,True,True,48,05-123-43935,NIOBRARA
-3.4268701343715477,-0.0026965968535615013,36,48,True,7927.0,True,True,48,05-123-44464,CARLILE-CODELL-FORT HAYS
-3.639186921143102,-0.0017244926662226285,36,48,True,7977.0,True,True,48,05-123-44493,CODELL-FORT HAYS
-2.8120480522437883,-0.0023948920065156734,36,48,True,7218.0,True,True,48,05-123-45842,NIOBRARA
-3.143076037984015,-0.0017958251993016204,36,48,True,8836.0,True,True,48,05-123-45846,NIOBRARA
-3.1968514170484132,-0.0016890152080071175,36,48,True,5631.0,True,True,48,05-123-45848,NIOBRARA
-3.026796785259616,-0.0017149818473030517,36,48,True,8253.0,True,True,48,05-123-45850,NIOBRARA
-2.9954350135120764,-0.0017783437077945033,36,48,True,8584.0,True,True,48,05-123-45852,NIOBRARA
-3.0343490405173292,-0.001747644248552081,36,48,True,7327.0,True,True,48,05-123-45855,NIOBRARA
-2.4472816341044257,-0.0027364126042207673,36,48,True,10563.0,True,True,48,05-123-46177,NIOBRARA
-2.8171440659342726,-0.0015875377185483165,36,48,True,10801.0,True,True,48,05-123-46182,NIOBRARA
-3.6146644848285354,-0.0014950044692214083,36,48,True,10121.0,True,True,48,05-123-46459,CODELL|NOT COMPLETED
-3.6933005315221608,-0.001573837948385852,36,48,True,10130.0,True,True,48,05-123-46460,NIOBRARA
-3.611517729847056,-0.0018211935745586928,36,48,True,4972.0,True,True,48,05-123-46646,CODELL
-2.9829228042859657,-0.0018426126645043606,36,48,True,5254.0,True,True,48,05-123-46650,NIOBRARA
-2.9868823962279354,-0.0017545543896838182,36,48,True,8107.0,True,True,48,05-123-46655,NIOBRARA
-3.4885131004427197,-0.0015011759914261614,36,48,True,8099.0,True,True,48,05-123-46656,NIOBRARA
-3.151630656463229,-0.0018607041436674225,36,48,True,8012.0,True,True,48,05-123-46660,NIOBRARA
-3.3904357230514712,-0.001990402863124651,36,48,True,8123.0,True,True,48,05-123-46662,NIOBRARA
-2.7970809347182395,-0.0016678312881661286,36,48,True,8075.0,True,True,48,05-123-47111,NIOBRARA
-2.665405492002938,-0.0019232393684548417,36,48,True,8025.0,True,True,48,05-123-47116,NIOBRARA
-2.9079889873876743,-0.001498021800982727,36,48,True,10613.0,True,True,47,05-123-47117,NIOBRARA
-2.747567449911414,-0.0017110215209315664,36,48,True,7555.0,True,True,47,05-123-47120,NIOBRARA
-3.092026439454688,-0.0021274500985831277,36,48,True,7963.0,True,True,48,05-123-47182,NIOBRARA
-3.3640074555008677,-0.0016145215023280338,36,48,True,10235.0,True,True,48,05-123-47188,NIOBRARA
-3.2656792426587224,-0.0018437159373890575,36,48,True,10180.0,True,True,48,05-123-47556,NIOBRARA
-3.24806759278909,-0.0017184214517311002,36,48,True,10166.0,True,True,48,05-123-47557,NIOBRARA
-3.0909342653410135,-0.001731162782582724,36,48,True,10210.0,True,True,48,05-123-47559,NIOBRARA
-3.462071410005774,-0.0019190772223662796,36,48,True,10022.0,True,True,48,05-123-47560,NIOBRARA
-3.2873545801233717,-0.0019967031246412715,36,48,True,9993.0,True,True,48,05-123-47562,NIOBRARA
-3.222912013487543,-0.0020254438401340557,36,48,True,10227.0,True,True,48,05-123-47568,NIOBRARA
-3.018189958967312,-0.0015895196988844939,36,48,True,10052.0,True,True,48,05-123-47572,NIOBRARA
-3.3548418241364955,-0.0020131090844553315,36,48,True,10130.0,True,True,48,05-123-47575,CODELL-FORT HAYS
-2.922828509331303,-0.001962412457414747,36,48,True,8913.0,True,True,48,05-123-47578,CODELL-FORT HAYS
-3.038576976665767,-0.0017543463465373194,36,48,True,10058.0,True,True,48,05-123-47581,NIOBRARA
-3.11021668302734,-0.0017792461308274714,36,48,True,10551.0,True,True,48,05-123-47609,NIOBRARA
-3.270396956979093,-0.0015581834071547794,36,48,True,10690.0,True,True,48,05-123-47610,NIOBRARA
-2.7662763316102734,-0.002049651540667549,36,48,True,10784.0,True,True,48,05-123-47611,NIOBRARA
-3.210745897837896,-0.0017114172654395543,36,48,True,10618.0,True,True,48,05-123-47612,NIOBRARA
-3.139263045928711,-0.0014776630444966246,36,48,True,10928.0,True,True,48,05-123-47703,NIOBRARA
-3.1118668549591906,-0.0016725207647731084,36,48,True,10810.0,True,True,48,05-123-47704,NIOBRARA
-3.1340401737466252,-0.0017579751903752758,36,48,True,10921.0,True,True,48,05-123-47705,NIOBRARA
-2.9367543116834693,-0.0020235328332968423,36,48,True,7379.0,True,True,46,05-123-47779,NIOBRARA
-3.2599817319962896,-0.0018649846046076425,36,48,True,7678.0,True,True,48,05-123-47780,NIOBRARA
-3.3835743109774903,-0.0014456935303601684,36,48,True,7823.0,True,True,48,05-123-47781,NIOBRARA
-2.910781437136222,-0.0020513901458424615,36,48,True,7567.0,True,True,46,05-123-47790,NIOBRARA
-3.1104169075022536,-0.001867149317058263,36,48,True,7591.0,True,True,45,05-123-48034,CARLILE-CODELL-FORT HAYS
-2.9706341805345216,-0.0020061634939666116,36,48,True,7470.0,True,True,45,05-123-48035,NIOBRARA
-2.8795824978528004,-0.001806239327358325,36,48,True,10904.0,True,True,48,05-123-49348,NIOBRARA
-2.8856096920199525,-0.0017624179235228882,36,48,True,10792.0,True,True,48,05-123-49349,NIOBRARA
-2.947172012878284,-0.0017416981203959734,36,48,True,10006.0,True,True,48,05-123-49350,NIOBRARA
-2.9340979630200117,-0.0018142033526742265,36,48,True,6229.0,True,True,48,05-123-49351,NIOBRARA
-2.684586704634829,-0.001855432660925676,36,48,True,10924.0,True,True,48,05-123-49352,NIOBRARA
-2.941965629964515,-0.0016649484378838911,36,48,True,10539.0,True,True,48,05-123-49353,NIOBRARA
-2.951018637589478,-0.0014357524605183988,36,48,True,10751.0,True,True,48,05-123-49354,NIOBRARA
-2.945222373519658,-0.0016063056491876684,36,48,True,10828.0,True,True,48,05-123-49355,NIOBRARA
-2.9695986484494856,-0.0015316826957589267,36,48,True,6085.0,True,True,48,05-123-49603,NIOBRARA
-2.865327468557615,-0.001494610190875865,36,48,True,10947.0,True,True,48,05-123-49604,NIOBRARA
-2.501075167931513,-0.0017545380014223095,36,48,True,10790.0,True,True,48,05-123-49605,NIOBRARA
-2.61096579565191,-0.0018356411695376184,36,48,True,10719.0,True,True,48,05-123-49606,NIOBRARA
-2.580869426848862,-0.0016373351198851267,36,48,True,10742.0,True,True,48,05-123-49607,NIOBRARA
-2.8297640159645128,-0.0016369123314561222,36,48,True,10752.0,True,True,48,05-123-49608,NIOBRARA
-2.8644384933324427,-0.0015268553642573577,36,48,True,10722.0,True,True,48,05-123-49610,NIOBRARA
-2.976662580738303,-0.0018923960122350528,36,48,True,5512.0,True,True,46,05-123-49839,CODELL
-2.9678196470596605,-0.0021573934816294087,36,48,True,5674.0,True,True,46,05-123-49840,NIOBRARA
-2.4830343144241915,-0.0021634423290468243,36,48,True,5335.0,True,True,40,05-123-50592,NIOBRARA
-2.2930895853081865,-0.0022600000445627652,36,48,True,5230.0,True,True,40,05-123-50593,NIOBRARA
-2.3185330696679367,-0.0025380125147305113,36,48,True,5278.0,True,True,40,05-123-50594,NIOBRARA
-2.1017263995043702,-0.002253490146170129,36,48,True,5143.0,True,True,40,05-123-50595,NIOBRARA
-2.2990785410548806,-0.0024988424838080316,36,48,True,5328.0,True,True,40,05-123-50596,NIOBRARA
-2.112131314982944,-0.0026199026845241074,36,48,True,5220.0,True,True,40,05-123-50597,NIOBRARA
-1.970777103204776,-0.002735220845162693,36,48,True,5274.0,True,True,40,05-123-50598,NIOBRARA
-2.0403929597595165,-0.0024586435873459817,36,48,True,5169.0,True,True,40,05-123-50599,NIOBRARA
